12395.0,84992
12395.0,22355
12395.0,85099B
12395.0,22551
12395.0,21975
12395.0,21976
12431.0,85014B
12431.0,21791
12431.0,21622
12431.0,22941
12431.0,35004C
12431.0,35004G
12431.0,22193
12431.0,22196
12431.0,22195
12433.0,22547
12433.0,22551
12433.0,22553
12433.0,22544
12433.0,22555
12433.0,22899
12433.0,21156
12433.0,22554
12433.0,22543
12433.0,22092
12433.0,22539
12433.0,21520
12433.0,21506
12433.0,22716
12433.0,22866
12433.0,22632
12433.0,22865
12433.0,22114
12433.0,21982
12433.0,21981
12433.0,21967
12433.0,21983
12433.0,22814
12433.0,22489
12433.0,22561
12433.0,22531
12433.0,22530
12433.0,22534
12433.0,22540
12433.0,22444
12433.0,22556
12433.0,84991
12433.0,22956
12433.0,21870
12433.0,21873
12433.0,21874
12433.0,22966
12433.0,84375
12433.0,22961
12433.0,22962
12433.0,84050
12433.0,22963
12433.0,21786
12433.0,22557
12433.0,21984
12433.0,22094
12433.0,22095
12433.0,22614
12433.0,21980
12433.0,22615
12433.0,21080
12433.0,84692
12433.0,21260
12433.0,21213
12433.0,22494
12433.0,22842
12433.0,20685
12433.0,21733
12433.0,82600
12433.0,85152
12433.0,21166
12433.0,85150
12433.0,84992
12433.0,22567
12433.0,22665
12433.0,22666
12433.0,22667
12433.0,22315
12472.0,22577
12472.0,22077
12472.0,20957
12472.0,22636
12472.0,20914
12472.0,22245
12472.0,22244
12472.0,22242
12472.0,22467
12472.0,22867
12472.0,22078
12472.0,22079
12472.0,22080
12472.0,22631
12472.0,22328
12472.0,22423
12472.0,20724
12472.0,22578
12472.0,85049E
12472.0,85049D
12472.0,85049F
12472.0,85049G
12472.0,22141
12472.0,22144
12472.0,22354
12472.0,22602
12472.0,22595
12472.0,22594
12472.0,22593
12472.0,22573
12472.0,22574
12472.0,22321
12472.0,22600
12472.0,20750
12472.0,22580
12472.0,22556
12472.0,22816
12472.0,22968
12472.0,22837
12472.0,22898
12472.0,22940
12472.0,84375
12472.0,22168
12472.0,22631
12472.0,22077
12472.0,22245
12472.0,22333
12472.0,22767
12472.0,22654
12472.0,22568
12472.0,21218
12472.0,22834
12472.0,22975
12472.0,22973
12472.0,22972
12472.0,22964
12472.0,22963
12472.0,22961
12472.0,22960
12472.0,22865
12472.0,22781
12472.0,22895
12472.0,22892
12472.0,20914
12472.0,22242
12472.0,22244
12472.0,22976
12472.0,22818
12472.0,22962
12472.0,21914
12472.0,22629
12472.0,84341B
12472.0,22601
12472.0,20719
12472.0,21817
12472.0,20668
12472.0,22571
12472.0,22572
12567.0,22846
12567.0,21539
12567.0,22635
12567.0,22326
12567.0,21559
12567.0,20728
12567.0,20726
12567.0,20725
12567.0,21195
12567.0,22318
12567.0,22467
12567.0,22243
12567.0,22729
12567.0,22728
12567.0,21533
12567.0,22837
12567.0,21555
12567.0,21787
12567.0,22726
12567.0,20750
12567.0,20749
12567.0,21774
12567.0,84997B
12567.0,84997C
12567.0,84279P
12567.0,22636
12567.0,22727
12567.0,47566
12567.0,21439
12567.0,21121
12567.0,22634
12567.0,22352
12567.0,22180
12567.0,22968
12567.0,20665
12567.0,21786
12567.0,22483
12567.0,22390
12567.0,22644
12567.0,21829
12567.0,22632
12567.0,85227
12567.0,16238
12567.0,22551
12567.0,22554
12567.0,84870C
12567.0,84870B
12567.0,22615
12567.0,22614
12567.0,21982
12567.0,21981
12567.0,21980
12567.0,21055
12567.0,21892
12567.0,21054
12567.0,84963A
12567.0,84678
12583.0,22659
12583.0,22492
12583.0,22544
12583.0,22540
12583.0,21913
12583.0,22900
12583.0,21731
12583.0,22661
12583.0,21791
12583.0,22728
12583.0,22727
12583.0,22726
12583.0,21724
12583.0,21883
12647.0,22200
12647.0,22505
12647.0,22507
12647.0,84050
12647.0,84997D
12647.0,22199
12647.0,22624
12647.0,22841
12647.0,22847
12647.0,20685
12647.0,84968A
12647.0,85055
12662.0,20713
12662.0,47421
12662.0,22243
12662.0,22837
12662.0,22969
12662.0,22244
12662.0,22242
12662.0,84347
12662.0,22809
12682.0,15056BL
12682.0,20679
12682.0,22659
12682.0,22352
12682.0,22892
12682.0,22027
12682.0,20749
12682.0,20750
12682.0,21700
12682.0,22748
12720.0,22197
12720.0,22557
12720.0,21883
12720.0,21984
12720.0,22963
12720.0,21981
12720.0,22961
12720.0,22960
12720.0,22554
12720.0,20719
12720.0,20712
12720.0,22962
12720.0,22346
12720.0,22625
12720.0,22345
12720.0,21239
12720.0,21238
12720.0,85099B
12720.0,22386
12720.0,20718
12720.0,21243
12720.0,22344
12720.0,21430
12720.0,22624
12725.0,84031A
12725.0,20956
12725.0,21287
12725.0,79337
12725.0,85111
12725.0,85038
12725.0,22809
12725.0,22810
12725.0,22791
12725.0,22307
12725.0,72802A
12725.0,85035C
12725.0,85036B
12725.0,85035B
12725.0,85035A
12725.0,85078
12725.0,85034C
12725.0,85034A
12738.0,22952
12738.0,22962
12738.0,22963
12738.0,22776
12738.0,22961
12748.0,21930
12748.0,79151B
12748.0,21830
12748.0,22694
12748.0,21664
12748.0,16011
12748.0,85179A
12748.0,22669
12748.0,22352
12748.0,21034
12748.0,21231
12748.0,21934
12748.0,84952B
12748.0,84952C
12748.0,21635
12748.0,22222
12748.0,22354
12748.0,21209
12748.0,85049A
12748.0,35958
12748.0,21428
12748.0,17107D
12748.0,22894
12748.0,78034B
12748.0,21982
12748.0,21983
12748.0,22694
12748.0,35954
12748.0,21090
12748.0,21467
12748.0,35471D
12748.0,15036
12748.0,85049A
12748.0,84988
12748.0,22854
12748.0,21985
12748.0,71477
12748.0,21980
12748.0,M
12748.0,20894
12748.0,M
12748.0,90086
12748.0,84827
12748.0,62018
12748.0,22488
12748.0,20685
12748.0,85018D
12748.0,21413
12748.0,79149B
12748.0,21682
12748.0,21351
12748.0,22744
12748.0,22095
12748.0,21427
12748.0,22554
12748.0,21916
12748.0,85178
12748.0,84827
12748.0,22632
12748.0,22586
12748.0,22865
12748.0,22071
12748.0,22866
12748.0,22616
12748.0,22867
12748.0,22633
12748.0,22844
12748.0,82582
12748.0,82578
12748.0,22674
12748.0,22809
12748.0,22810
12748.0,85167B
12748.0,84836
12748.0,22632
12748.0,47566
12748.0,21650
12748.0,20961
12748.0,21090
12748.0,71406C
12748.0,22477
12748.0,22633
12748.0,21785
12748.0,21786
12748.0,21787
12748.0,21982
12748.0,20973
12748.0,21556
12748.0,22174
12748.0,22951
12748.0,21650
12748.0,84874B
12748.0,21790
12748.0,22181
12748.0,20966
12748.0,20963
12748.0,85215
12748.0,21700
12748.0,21650
12748.0,22669
12748.0,22578
12748.0,21669
12748.0,22553
12748.0,22633
12748.0,22983
12748.0,22865
12748.0,21902
12748.0,20754
12748.0,21581
12748.0,21786
12748.0,22327
12748.0,21785
12748.0,21544
12748.0,84827
12748.0,85179A
12748.0,22100
12748.0,84827
12748.0,21479
12748.0,22585
12748.0,22469
12748.0,22190
12748.0,20685
12748.0,62018
12748.0,21889
12748.0,20674
12748.0,22187
12748.0,10133
12748.0,20982
12763.0,22940
12763.0,85016
12763.0,21506
12763.0,22716
12763.0,22983
12763.0,22030
12763.0,85015
12763.0,21381
12763.0,21080
12763.0,21210
12763.0,84988
12838.0,22909
12838.0,22694
12838.0,21791
12838.0,22130
12838.0,22147
12838.0,22469
12838.0,22470
12838.0,22695
12838.0,22186
12838.0,22736
12838.0,35591T
12838.0,21790
12838.0,22580
12838.0,22149
12838.0,22595
12838.0,22961
12838.0,21977
12838.0,22951
12838.0,21976
12838.0,21212
12838.0,22940
12838.0,22086
12838.0,22941
12838.0,22942
12838.0,22900
12838.0,22367
12838.0,22775
12838.0,22616
12838.0,22750
12838.0,22865
12838.0,22738
12838.0,22593
12838.0,22594
12838.0,22321
12838.0,22899
12838.0,22739
12838.0,21986
12838.0,22952
12838.0,22807
12838.0,22910
12838.0,85049H
12838.0,22837
12838.0,84032B
12838.0,22530
12838.0,22529
12838.0,22531
12838.0,22534
12838.0,22749
12838.0,22551
12838.0,22554
12838.0,22632
12838.0,21916
12838.0,22834
12838.0,22867
12841.0,47566
12841.0,22499
12841.0,22086
12841.0,72741
12841.0,22945
12841.0,77101A
12841.0,22666
12841.0,22569
12841.0,21447
12841.0,85199S
12841.0,22573
12841.0,21445
12841.0,79321
12841.0,22593
12841.0,22572
12841.0,22585
12841.0,84375
12841.0,22468
12841.0,22890
12841.0,85032D
12841.0,22745
12841.0,21878
12841.0,22812
12841.0,84692
12841.0,22943
12841.0,22086
12841.0,22595
12841.0,22594
12841.0,22084
12841.0,21733
12841.0,85123A
12841.0,22083
12841.0,22737
12841.0,21462
12841.0,22582
12841.0,22584
12841.0,84898F
12841.0,22190
12841.0,22841
12841.0,22314
12841.0,22573
12841.0,22956
12868.0,22217
12868.0,22227
12868.0,22219
12868.0,22969
12868.0,22294
12868.0,21259
12868.0,21485
12915.0,21843
12915.0,22626
12915.0,22955
12915.0,22938
12915.0,85132C
12915.0,85132B
12915.0,85132A
12915.0,22840
12921.0,22748
12921.0,22866
12921.0,22745
12921.0,21731
12921.0,22466
12921.0,20972
12921.0,22274
12921.0,22750
12921.0,22780
12921.0,22779
12947.0,22634
12947.0,21374
12947.0,22534
12947.0,22530
12947.0,22771
12947.0,21672
12947.0,21668
12947.0,22637
12947.0,22635
12947.0,21479
12947.0,84032A
12947.0,22650
12967.0,21086
12967.0,21094
12967.0,22504
12967.0,22180
12967.0,22333
12967.0,21430
12967.0,22503
12967.0,22276
12967.0,20749
12967.0,22128
13013.0,22754
13013.0,22072
13013.0,21844
13013.0,21539
13013.0,21531
13013.0,21592
13013.0,21527
13013.0,21217
13013.0,21154
13013.0,21155
13013.0,21216
13013.0,21212
13013.0,21210
13013.0,21094
13013.0,22333
13013.0,22558
13013.0,22423
13013.0,22567
13013.0,84991
13013.0,21098
13013.0,21086
13013.0,21121
13013.0,37343
13013.0,22740
13013.0,22468
13013.0,21843
13013.0,84030E
13013.0,84536A
13013.0,84520B
13013.0,22041
13013.0,84534B
13013.0,35004C
13013.0,84510A
13013.0,21080
13013.0,21114
13013.0,21035
13013.0,22813
13013.0,22812
13013.0,22738
13013.0,22731
13013.0,22086
13013.0,22910
13013.0,22083
13013.0,22909
13013.0,22952
13013.0,22943
13013.0,22941
13013.0,84692
13013.0,20983
13013.0,15036
13013.0,22449
13013.0,20750
13013.0,22451
13013.0,20665
13013.0,84692
13013.0,22699
13013.0,22450
13013.0,21212
13013.0,22942
13013.0,22557
13013.0,21843
13013.0,22090
13034.0,22135
13034.0,22251
13034.0,22252
13034.0,22131
13034.0,22231
13034.0,21035
13047.0,22914
13047.0,21756
13047.0,22960
13047.0,48187
13047.0,21777
13047.0,21755
13047.0,21754
13047.0,22622
13047.0,22623
13047.0,84969
13047.0,22310
13047.0,22749
13065.0,21340
13065.0,21055
13065.0,22622
13065.0,22030
13065.0,71477
13065.0,22794
13065.0,21166
13065.0,22776
13065.0,21136
13069.0,22694
13069.0,22662
13069.0,10002
13069.0,22739
13069.0,22632
13069.0,22867
13069.0,22086
13069.0,22130
13069.0,22736
13069.0,22738
13069.0,22735
13069.0,22737
13069.0,20751
13069.0,22601
13069.0,22602
13069.0,22600
13069.0,22578
13069.0,22579
13069.0,22581
13069.0,22577
13069.0,22603
13069.0,22834
13069.0,22866
13069.0,22630
13069.0,21754
13069.0,22470
13069.0,22077
13069.0,21892
13069.0,22974
13069.0,22080
13069.0,22865
13069.0,22082
13069.0,85018D
13069.0,22383
13069.0,22079
13069.0,20726
13069.0,20725
13069.0,90162B
13081.0,21243
13081.0,20676
13081.0,22747
13081.0,22746
13081.0,22780
13081.0,22198
13081.0,22940
13081.0,22748
13081.0,84997D
13081.0,22745
13081.0,22432
13081.0,22910
13081.0,22327
13081.0,21481
13081.0,22314
13081.0,22570
13081.0,22200
13081.0,22568
13081.0,21843
13081.0,37446
13081.0,22616
13081.0,22142
13081.0,15060B
13081.0,22837
13081.0,22865
13081.0,22569
13081.0,22867
13081.0,22029
13081.0,21504
13081.0,22431
13081.0,21731
13081.0,22553
13081.0,22418
13081.0,22197
13081.0,22662
13081.0,22629
13081.0,21232
13081.0,21721
13081.0,22433
13081.0,22090
13081.0,21224
13081.0,20963
13081.0,84247G
13081.0,22738
13081.0,22732
13081.0,21086
13081.0,22348
13081.0,22866
13081.0,20829
13081.0,84006
13081.0,21094
13081.0,21429
13081.0,21724
13081.0,22434
13081.0,22111
13081.0,21877
13081.0,21164
13081.0,21125
13081.0,84375
13081.0,84029E
13081.0,21211
13081.0,21726
13081.0,22466
13081.0,21947
13081.0,20972
13081.0,20971
13081.0,22131
13081.0,84988
13081.0,21677
13093.0,79321
13093.0,48129
13093.0,22960
13093.0,22847
13093.0,22846
13093.0,48111
13093.0,22418
13093.0,22402
13117.0,17090A
13117.0,72127
13117.0,17090D
13117.0,22457
13117.0,84879
13117.0,72133
13117.0,84763
13117.0,85049E
13117.0,22075
13117.0,22077
13138.0,20970
13138.0,22149
13138.0,20971
13138.0,22147
13138.0,21422
13138.0,20969
13138.0,20967
13138.0,22915
13138.0,21408
13174.0,21556
13174.0,22497
13174.0,21363
13174.0,21361
13174.0,22622
13174.0,22623
13174.0,21363
13174.0,22087
13174.0,21484
13174.0,22113
13174.0,21481
13174.0,70007
13174.0,22086
13174.0,22141
13174.0,84792
13174.0,22767
13174.0,84531A
13174.0,21191
13174.0,20829
13174.0,70006
13174.0,22866
13174.0,22602
13174.0,21822
13174.0,35971
13174.0,35971
13174.0,22294
13174.0,21202
13174.0,22086
13174.0,70007
13174.0,21192
13174.0,22867
13174.0,21889
13174.0,21695
13174.0,22188
13174.0,84846A
13174.0,84978
13174.0,21613
13174.0,22111
13174.0,22087
13174.0,22632
13174.0,22830
13174.0,84881
13174.0,22406
13174.0,22637
13174.0,22768
13174.0,21693
13174.0,22690
13174.0,48194
13174.0,20685
13174.0,22833
13174.0,22461
13174.0,22110
13174.0,21484
13174.0,21187
13174.0,21609
13174.0,21891
13174.0,21688
13174.0,22405
13174.0,22766
13174.0,48187
13174.0,22632
13174.0,84406B
13174.0,84531B
13174.0,70007
13174.0,85025C
13174.0,22866
13174.0,21910
13174.0,84531A
13174.0,84375
13174.0,21202
13174.0,22829
13174.0,70007
13174.0,84029E
13174.0,22670
13174.0,22672
13174.0,22113
13174.0,22087
13174.0,21192
13174.0,21485
13174.0,70007
13174.0,82552
13174.0,82551
13174.0,70006
13174.0,21911
13269.0,22531
13269.0,22952
13269.0,20914
13269.0,82552
13269.0,22752
13269.0,22966
13269.0,22943
13370.0,22759
13370.0,22960
13370.0,22622
13370.0,21591
13370.0,22169
13370.0,21993
13370.0,84077
13370.0,22834
13370.0,79000
13370.0,22800
13370.0,21889
13370.0,22798
13370.0,22697
13370.0,22865
13370.0,22699
13370.0,22636
13370.0,22635
13370.0,22940
13370.0,21990
13370.0,21755
13370.0,22845
13370.0,22621
13370.0,21790
13370.0,22747
13370.0,84945
13370.0,22745
13370.0,22746
13370.0,22748
13370.0,22943
13370.0,22941
13370.0,21890
13370.0,22423
13370.0,22632
13370.0,21791
13402.0,22429
13402.0,22427
13402.0,22898
13402.0,20914
13402.0,21975
13402.0,22988
13402.0,22624
13402.0,22625
13402.0,84375
13402.0,72741
13402.0,21063
13402.0,21519
13408.0,21527
13408.0,22632
13408.0,21485
13408.0,21506
13408.0,22633
13408.0,85123A
13408.0,22652
13408.0,22866
13408.0,22865
13408.0,85152
13418.0,22699
13418.0,22725
13418.0,22730
13418.0,21843
13418.0,22927
13418.0,22926
13418.0,22925
13418.0,22726
13418.0,20914
13418.0,21212
13418.0,21588
13418.0,22570
13418.0,22568
13418.0,22569
13418.0,22109
13418.0,21914
13418.0,21915
13418.0,22549
13448.0,22835
13448.0,22112
13448.0,21479
13448.0,22111
13448.0,21980
13448.0,22449
13448.0,22468
13448.0,22637
13448.0,22114
13448.0,48185
13448.0,22632
13448.0,22752
13448.0,22865
13468.0,21777
13468.0,79302M
13468.0,22752
13468.0,21609
13468.0,37449
13468.0,22423
13468.0,48185
13468.0,48194
13468.0,37446
13468.0,37449
13468.0,21232
13468.0,84509B
13468.0,21231
13468.0,22314
13468.0,21181
13506.0,48185
13506.0,22147
13506.0,21485
13506.0,84358
13506.0,22620
13506.0,20967
13506.0,22242
13506.0,22561
13506.0,20970
13506.0,22492
13506.0,84077
13506.0,22835
13576.0,21877
13576.0,21137
13576.0,22694
13576.0,21705
13576.0,21756
13576.0,22121
13715.0,21172
13715.0,22109
13715.0,22219
13715.0,20966
13715.0,22107
13715.0,21181
13715.0,21042
13715.0,47567B
13715.0,22271
13715.0,22272
13758.0,22829
13758.0,22768
13758.0,22449
13758.0,22451
13758.0,22511
13758.0,21411
13758.0,22508
13758.0,22650
13758.0,22645
13758.0,22961
13758.0,22585
13758.0,22646
13767.0,22111
13767.0,22867
13767.0,22866
13767.0,22697
13767.0,22726
13767.0,22114
13767.0,21481
13767.0,21314
13767.0,22699
13767.0,22727
13767.0,84879
13767.0,21314
13767.0,22188
13767.0,84879
13767.0,21977
13767.0,84991
13767.0,21212
13767.0,21484
13767.0,22867
13767.0,21523
13767.0,22726
13767.0,21314
13767.0,21314
13767.0,22730
13767.0,22727
13767.0,22114
13767.0,22729
13777.0,85099B
13777.0,85123A
13777.0,35004C
13777.0,20727
13777.0,22095
13777.0,15056N
13777.0,85038
13777.0,22041
13777.0,21354
13777.0,84029E
13777.0,21156
13777.0,85099B
13777.0,20727
13777.0,21232
13777.0,85174
13777.0,84050
13777.0,21864
13777.0,21107
13777.0,21232
13777.0,20971
13777.0,84050
13777.0,85123A
13777.0,15056P
13777.0,22095
13777.0,21156
13777.0,84029E
13777.0,22147
13777.0,22646
13838.0,85014B
13838.0,22666
13838.0,22665
13838.0,15056P
13838.0,22469
13838.0,47591D
13838.0,84580
13838.0,21112
13838.0,22316
13838.0,22470
13838.0,21192
13838.0,22423
13838.0,22327
13838.0,22862
13838.0,21579
13838.0,21755
13838.0,21579
13838.0,21328
13838.0,21930
13838.0,22699
13838.0,22697
13838.0,21985
13838.0,21579
13838.0,20773
13838.0,21850
13838.0,22968
13838.0,22730
13838.0,21259
13838.0,22969
13838.0,21756
13838.0,21260
13838.0,22508
13838.0,22904
13838.0,17109D
13838.0,21011
13838.0,15056N
13838.0,21427
13838.0,15056BL
13838.0,21524
13838.0,22955
13838.0,22956
13838.0,22666
13838.0,21533
13838.0,20679
13838.0,85014A
13838.0,21192
13838.0,22311
13941.0,21354
13941.0,79321
13941.0,72741
13941.0,22179
13941.0,85116
13941.0,21125
13941.0,85175
14031.0,22798
14031.0,22800
14031.0,22801
14031.0,22697
14031.0,22988
14031.0,22065
14031.0,21658
14031.0,15056BL
14031.0,79067
14031.0,22328
14031.0,22326
14031.0,84879
14031.0,22926
14031.0,20679
14031.0,21524
14031.0,21745
14031.0,48138
14031.0,22423
14031.0,22777
14031.0,22778
14047.0,22120
14047.0,84792
14047.0,22467
14047.0,22781
14047.0,22898
14047.0,22634
14047.0,22837
14078.0,21791
14078.0,21826
14078.0,22548
14078.0,22149
14078.0,20750
14078.0,21324
14078.0,17164B
14078.0,20973
14081.0,72818
14081.0,21899
14081.0,22818
14081.0,22816
14081.0,22969
14081.0,21901
14081.0,22951
14081.0,22417
14081.0,84991
14081.0,21902
14081.0,22865
14081.0,22619
14081.0,21890
14081.0,85170D
14081.0,22617
14081.0,84992
14081.0,21900
14081.0,22866
14081.0,84029E
14081.0,84029G
14081.0,22835
14081.0,22111
14081.0,22114
14081.0,21217
14081.0,22910
14081.0,22086
14081.0,22964
14081.0,22548
14081.0,21485
14081.0,21479
14081.0,20749
14081.0,22834
14081.0,21790
14081.0,21791
14081.0,21212
14081.0,21977
14081.0,21527
14081.0,20750
14081.0,21539
14081.0,22667
14081.0,22923
14081.0,22632
14081.0,22739
14081.0,22737
14081.0,84375
14081.0,22196
14081.0,22195
14081.0,22142
14081.0,22633
14081.0,22618
14081.0,22134
14081.0,22966
14081.0,22949
14081.0,21210
14081.0,22940
14081.0,22144
14081.0,21843
14081.0,22666
14081.0,85035C
14081.0,85035B
14081.0,85035A
14081.0,85036C
14081.0,21539
14081.0,22841
14083.0,20751
14083.0,20754
14083.0,20751
14083.0,37489D
14083.0,22133
14083.0,21379
14083.0,21377
14083.0,21828
14083.0,21411
14083.0,84212
14083.0,17107D
14083.0,22132
14083.0,84969
14083.0,37489B
14083.0,21465
14083.0,21469
14083.0,37489A
14083.0,22380
14083.0,22411
14083.0,22661
14083.0,21830
14083.0,21933
14083.0,84997A
14083.0,20998
14083.0,21621
14083.0,21564
14083.0,22635
14083.0,37489C
14083.0,21932
14083.0,22551
14083.0,22435
14083.0,22554
14083.0,47503J
14083.0,48184
14083.0,48187
14083.0,22846
14083.0,21913
14083.0,22278
14083.0,22467
14083.0,22956
14083.0,37464
14083.0,22956
14083.0,85014B
14083.0,84247N
14083.0,84247K
14083.0,22029
14083.0,22035
14083.0,22943
14083.0,22469
14083.0,22553
14083.0,47504K
14083.0,21114
14083.0,85227
14083.0,22437
14083.0,22780
14083.0,22557
14083.0,22438
14083.0,84569B
14083.0,21677
14083.0,84569B
14083.0,21470
14135.0,84826
14135.0,21880
14135.0,21881
14135.0,21883
14135.0,21724
14135.0,21722
14135.0,21719
14135.0,21062
14135.0,21061
14135.0,21060
14135.0,21058
14135.0,21328
14135.0,22965
14135.0,21215
14135.0,21212
14135.0,21977
14135.0,84991
14135.0,22961
14142.0,22744
14142.0,21790
14142.0,22548
14142.0,21098
14142.0,17003
14142.0,22421
14142.0,21982
14142.0,21986
14142.0,22867
14142.0,22449
14142.0,22355
14142.0,21108
14142.0,22114
14142.0,22743
14142.0,22752
14142.0,22531
14142.0,22540
14161.0,22297
14161.0,22187
14161.0,22605
14161.0,21870
14161.0,22553
14161.0,22470
14161.0,22633
14161.0,21868
14161.0,22865
14161.0,22086
14161.0,22694
14161.0,22752
14161.0,22158
14161.0,84406B
14161.0,20878
14161.0,21754
14161.0,21809
14161.0,21810
14161.0,20974
14161.0,21811
14161.0,22296
14180.0,22120
14180.0,22849
14180.0,22666
14180.0,21844
14180.0,21527
14180.0,21784
14180.0,20750
14210.0,20665
14210.0,21041
14210.0,21155
14210.0,22115
14210.0,21164
14210.0,47566
14210.0,21533
14210.0,22358
14210.0,20754
14210.0,22061
14307.0,22766
14307.0,22533
14307.0,22706
14307.0,22371
14307.0,85014B
14307.0,85014A
14307.0,84997B
14307.0,21212
14307.0,21705
14307.0,22619
14307.0,22620
14307.0,22716
14307.0,22492
14307.0,21587
14307.0,84347
14307.0,22812
14307.0,22714
14307.0,16237
14307.0,22553
14307.0,22914
14307.0,21210
14307.0,22537
14307.0,22736
14307.0,21755
14307.0,22610
14307.0,84879
14307.0,20982
14307.0,21832
14307.0,21915
14307.0,21914
14307.0,21544
14307.0,22813
14307.0,22114
14307.0,84029E
14307.0,21479
14307.0,21754
14307.0,84375
14307.0,22964
14307.0,22178
14307.0,84970L
14307.0,21733
14307.0,22465
14307.0,84949
14388.0,22386
14388.0,21931
14388.0,85099B
14388.0,22477
14388.0,21217
14388.0,37370
14388.0,79066K
14388.0,21843
14388.0,22988
14388.0,22964
14388.0,22961
14388.0,21875
14388.0,22924
14388.0,22923
14388.0,22812
14388.0,22837
14390.0,84997B
14390.0,84997C
14390.0,84997A
14390.0,22110
14390.0,84997D
14390.0,22663
14390.0,21479
14390.0,22579
14390.0,22578
14390.0,22650
14390.0,22112
14390.0,22662
14390.0,22634
14390.0,22371
14390.0,22375
14390.0,22374
14390.0,22372
14390.0,85099B
14390.0,20970
14390.0,20969
14390.0,20967
14390.0,20723
14390.0,21870
14395.0,82494L
14395.0,22112
14395.0,16161M
14395.0,22171
14395.0,21755
14395.0,20981
14395.0,82482
14395.0,82483
14395.0,82486
14395.0,21980
14395.0,22173
14395.0,21486
14395.0,21754
14395.0,85123A
14395.0,20972
14395.0,22865
14395.0,22114
14395.0,21500
14395.0,21499
14395.0,22633
14395.0,22144
14395.0,22632
14396.0,22964
14396.0,21591
14396.0,22866
14396.0,84865
14396.0,22361
14396.0,22362
14396.0,82011C
14396.0,21955
14396.0,21937
14396.0,22359
14396.0,22666
14396.0,21040
14396.0,85123A
14396.0,22077
14396.0,22418
14396.0,20828
14396.0,22837
14396.0,21327
14396.0,21329
14396.0,22111
14396.0,20726
14396.0,21933
14396.0,21936
14396.0,22701
14396.0,84562A
14396.0,22470
14396.0,22736
14396.0,22739
14396.0,22735
14404.0,22278
14404.0,21894
14404.0,85135C
14404.0,22375
14404.0,22195
14404.0,22423
14404.0,20726
14404.0,22375
14404.0,22376
14404.0,21955
14404.0,20727
14404.0,85150
14404.0,21098
14404.0,22374
14404.0,22372
14404.0,22371
14404.0,21385
14404.0,21967
14404.0,84050
14404.0,21640
14404.0,20728
14449.0,20760
14449.0,22197
14449.0,22198
14449.0,20974
14449.0,20967
14449.0,22570
14449.0,22274
14449.0,22743
14449.0,20971
14449.0,85185D
14449.0,85185B
14449.0,22150
14449.0,21544
14449.0,22147
14449.0,22384
14449.0,20727
14449.0,22867
14449.0,22834
14449.0,22633
14449.0,22383
14449.0,20726
14449.0,22328
14449.0,22326
14449.0,22327
14449.0,22088
14449.0,22553
14449.0,22953
14449.0,22296
14449.0,21948
14449.0,21901
14449.0,21902
14449.0,21911
14449.0,22335
14449.0,22972
14449.0,21899
14449.0,22652
14449.0,84754
14449.0,21949
14449.0,22470
14449.0,22977
14449.0,22976
14449.0,22975
14449.0,22988
14449.0,20757
14449.0,20755
14506.0,48138
14506.0,20969
14506.0,20972
14506.0,22570
14506.0,22274
14506.0,22272
14506.0,22273
14506.0,22751
14506.0,22750
14506.0,22507
14506.0,22749
14506.0,22147
14506.0,21623
14506.0,22075
14506.0,85049A
14506.0,85049E
14506.0,22075
14506.0,22074
14506.0,22077
14506.0,22751
14506.0,22865
14506.0,22866
14506.0,21034
14506.0,48111
14506.0,20685
14506.0,48184
14506.0,22130
14506.0,22759
14506.0,22653
14506.0,21811
14506.0,21695
14506.0,21688
14506.0,85099F
14506.0,84773
14506.0,22078
14506.0,22147
14506.0,20971
14506.0,22587
14506.0,22586
14506.0,22566
14506.0,22565
14506.0,20733
14506.0,22147
14506.0,22750
14506.0,22274
14527.0,22193
14527.0,22357
14527.0,21217
14527.0,22946
14527.0,22694
14527.0,82011B
14527.0,22898
14527.0,22667
14527.0,22676
14527.0,21630
14527.0,21623
14527.0,82484
14527.0,22765
14527.0,22684
14527.0,22072
14527.0,84997A
14527.0,84997B
14527.0,21258
14527.0,D
14527.0,D
14527.0,84032A
14527.0,22111
14527.0,21479
14527.0,22112
14527.0,35598B
14573.0,21670
14573.0,21668
14573.0,21669
14573.0,21673
14573.0,22142
14573.0,21671
14573.0,21912
14573.0,22607
14573.0,20681
14573.0,22797
14573.0,22149
14573.0,15060B
14573.0,82494L
14573.0,21034
14573.0,22442
14573.0,22443
14573.0,22113
14573.0,22834
14573.0,47021G
14573.0,21673
14573.0,21668
14573.0,71477
14573.0,22665
14573.0,22470
14573.0,22469
14573.0,21754
14573.0,22666
14573.0,22505
14573.0,22667
14573.0,22752
14573.0,22776
14573.0,20914
14573.0,22427
14573.0,22794
14573.0,22426
14573.0,22424
14573.0,22367
14573.0,21156
14573.0,22625
14573.0,22624
14573.0,22423
14573.0,21034
14573.0,20728
14573.0,22382
14573.0,22418
14573.0,22646
14573.0,22501
14573.0,22605
14573.0,20982
14573.0,20983
14573.0,22617
14573.0,22766
14573.0,22502
14573.0,20974
14573.0,20983
14573.0,20983
14573.0,22180
14573.0,22141
14573.0,21892
14573.0,22468
14573.0,22179
14573.0,22113
14573.0,20975
14573.0,20982
14573.0,21891
14573.0,20974
14573.0,20971
14573.0,20972
14573.0,22940
14573.0,22271
14573.0,22749
14594.0,22195
14594.0,22583
14594.0,22470
14594.0,22173
14594.0,22584
14594.0,21143
14594.0,22574
14594.0,22601
14594.0,22603
14594.0,22600
14594.0,22573
14594.0,22088
14594.0,84944
14594.0,37343
14594.0,21467
14594.0,21690
14594.0,22457
14594.0,22910
14594.0,22086
14594.0,84949
14594.0,22791
14594.0,21524
14594.0,48129
14594.0,21523
14594.0,21469
14594.0,21471
14606.0,22497
14606.0,22570
14606.0,22568
14606.0,20972
14606.0,21056
14606.0,22482
14606.0,17090D
14606.0,22147
14606.0,22150
14606.0,21894
14606.0,22096
14606.0,21467
14606.0,21616
14606.0,22107
14606.0,21115
14606.0,21424
14606.0,37449
14606.0,90214S
14606.0,90214J
14606.0,20750
14606.0,72807C
14606.0,22577
14606.0,85231G
14606.0,21427
14606.0,20655
14606.0,21719
14606.0,21850
14606.0,21112
14606.0,22474
14606.0,20749
14606.0,82486
14606.0,20972
14606.0,20914
14606.0,20768
14606.0,21484
14606.0,21874
14606.0,21564
14606.0,82616C
14606.0,82580
14606.0,37461
14606.0,17003
14606.0,90214V
14606.0,22386
14606.0,90214M
14606.0,20750
14606.0,21035
14606.0,21041
14606.0,47591B
14606.0,22136
14606.0,22260
14606.0,37449
14606.0,22135
14606.0,21620
14606.0,22378
14606.0,72741
14606.0,22476
14606.0,21398
14606.0,51014C
14606.0,20780
14606.0,22081
14606.0,20768
14606.0,20978
14606.0,21850
14606.0,21643
14606.0,22121
14606.0,85064
14606.0,21484
14606.0,21888
14606.0,22321
14606.0,21789
14606.0,21238
14606.0,21629
14606.0,22379
14606.0,20971
14606.0,21488
14606.0,20985
14606.0,21042
14606.0,71459
14606.0,20659
14680.0,79321
14680.0,21258
14680.0,20712
14680.0,22837
14680.0,21479
14680.0,22386
14680.0,85099C
14680.0,21931
14680.0,20713
14688.0,85183B
14688.0,85071B
14688.0,21931
14688.0,21929
14688.0,84519A
14688.0,84991
14688.0,21975
14688.0,21212
14688.0,22352
14688.0,21977
14688.0,20725
14688.0,21094
14688.0,84997C
14688.0,84997B
14696.0,22952
14696.0,85032D
14696.0,22696
14696.0,21790
14696.0,84360
14696.0,35954
14696.0,72816
14696.0,84760S
14696.0,84754
14696.0,22444
14696.0,35598D
14696.0,85045
14696.0,21352
14723.0,21967
14723.0,21982
14723.0,22633
14723.0,22866
14723.0,21935
14723.0,85099C
14723.0,21930
14723.0,22411
14723.0,22754
14723.0,22753
14723.0,20967
14723.0,84029G
14723.0,20967
14723.0,20969
14723.0,20970
14723.0,21930
14723.0,22411
14723.0,85136A
14723.0,22810
14723.0,21982
14723.0,20972
14723.0,21985
14723.0,85123A
14723.0,21169
14723.0,21820
14723.0,22095
14723.0,22130
14723.0,48138
14723.0,22158
14723.0,21592
14723.0,M
14723.0,22154
14723.0,22222
14723.0,21098
14723.0,22131
14723.0,21479
14723.0,84029G
14723.0,84029E
14729.0,22754
14729.0,22588
14729.0,21292
14729.0,21890
14729.0,22632
14729.0,22633
14729.0,22670
14729.0,21867
14729.0,22926
14729.0,22760
14729.0,22470
14729.0,21486
14729.0,22151
14729.0,22643
14729.0,22642
14729.0,22604
14729.0,22099
14729.0,22107
14729.0,22553
14729.0,21175
14729.0,21794
14729.0,22501
14729.0,21111
14729.0,84596E
14729.0,20754
14729.0,84985A
14729.0,71406C
14729.0,22469
14729.0,20707
14729.0,20772
14729.0,21034
14729.0,21427
14729.0,21985
14729.0,84378
14729.0,21122
14729.0,21124
14729.0,21123
14729.0,21930
14729.0,22906
14729.0,22551
14729.0,22557
14729.0,85123A
14729.0,22575
14729.0,21804
14729.0,21584
14729.0,21588
14729.0,22152
14729.0,22441
14729.0,22955
14729.0,22956
14729.0,22653
14729.0,22921
14729.0,22920
14729.0,22917
14729.0,22916
14729.0,22919
14729.0,21358
14729.0,22583
14729.0,22096
14729.0,22100
14729.0,22469
14729.0,22092
14729.0,22197
14729.0,22905
14729.0,22904
14729.0,22241
14775.0,21908
14775.0,22405
14775.0,22406
14775.0,22408
14775.0,22558
14775.0,22567
14775.0,21788
14775.0,22321
14775.0,22492
14775.0,37370
14775.0,20972
14775.0,20971
14775.0,21069
14775.0,15036
14775.0,22489
14800.0,11001
14800.0,22964
14800.0,20615
14800.0,22758
14800.0,90167
14800.0,16237
14800.0,22865
14800.0,22633
14800.0,21452
14800.0,20726
14800.0,22383
14800.0,22748
14800.0,22629
14800.0,22562
14800.0,22563
14800.0,22564
14800.0,22662
14800.0,21716
14800.0,22551
14800.0,22553
14800.0,22554
14800.0,22620
14800.0,22561
14800.0,22142
14800.0,84029G
14800.0,22382
14800.0,22940
14800.0,21481
14800.0,84375
14800.0,22659
14800.0,22560
14800.0,84077
14800.0,85124C
14800.0,85124B
14800.0,22399
14800.0,22398
14800.0,22556
14800.0,22440
14800.0,22403
14800.0,22834
14800.0,84827
14800.0,21912
14800.0,22029
14800.0,84581
14800.0,21790
14800.0,22548
14810.0,82482
14810.0,21871
14810.0,22972
14810.0,22635
14810.0,22804
14810.0,22634
14810.0,22382
14810.0,21169
14810.0,22899
14810.0,22385
14810.0,20981
14810.0,22637
14810.0,22637
14810.0,85099F
14810.0,22974
14810.0,22629
14810.0,22630
14810.0,85232B
14813.0,22865
14813.0,22834
14813.0,22633
14813.0,22867
14813.0,22837
14813.0,22834
14813.0,22866
14813.0,21034
14813.0,22752
14813.0,22753
14813.0,22754
14813.0,22755
14813.0,22585
14813.0,22450
14813.0,22449
14813.0,22451
14813.0,22633
14813.0,22632
14813.0,22758
14813.0,85124C
14813.0,72349B
14813.0,21955
14813.0,17091J
14813.0,20828
14813.0,85124C
14829.0,22727
14829.0,22730
14829.0,22379
14829.0,22031
14829.0,22983
14829.0,22814
14829.0,22961
14829.0,47567B
14829.0,22726
14829.0,47591D
14829.0,22028
14829.0,22024
14829.0,22717
14829.0,22718
14849.0,22961
14849.0,22925
14849.0,82552
14849.0,21121
14849.0,21257
14849.0,84849B
14849.0,84879
14849.0,22960
14849.0,84992
14849.0,22670
14849.0,21259
14849.0,21484
14901.0,22909
14901.0,22926
14901.0,22730
14901.0,84380
14901.0,22832
14901.0,22086
14901.0,22920
14901.0,22916
14901.0,22919
14901.0,22917
14901.0,22921
14901.0,22918
14901.0,22446
14911.0,85227
14911.0,85032D
14911.0,22049
14911.0,35967
14911.0,21815
14911.0,22952
14911.0,22909
14911.0,20668
14911.0,22086
14911.0,22910
14911.0,22246
14911.0,22571
14911.0,22572
14911.0,22158
14911.0,22944
14911.0,22945
14911.0,22948
14911.0,84352
14911.0,22845
14911.0,22846
14911.0,22847
14911.0,22848
14911.0,22849
14911.0,22946
14911.0,22752
14911.0,22947
14911.0,21912
14911.0,22549
14911.0,21914
14911.0,21888
14911.0,22623
14911.0,22113
14911.0,22560
14911.0,84558A
14911.0,20982
14911.0,84559B
14911.0,22299
14911.0,22180
14911.0,84849B
14911.0,84849A
14911.0,20966
14911.0,20961
14911.0,22863
14911.0,22423
14911.0,22304
14911.0,22837
14911.0,22941
14911.0,22942
14911.0,22816
14911.0,22121
14911.0,79321
14911.0,22704
14911.0,22705
14911.0,84559A
14911.0,22112
14911.0,22113
14911.0,84030E
14911.0,22114
14911.0,21484
14911.0,20981
14911.0,21064
14911.0,21165
14911.0,22592
14911.0,22747
14911.0,22746
14911.0,22745
14911.0,22748
14911.0,21179
14911.0,21164
14911.0,22075
14911.0,22585
14911.0,C2
14911.0,22622
14911.0,21891
14911.0,21889
14911.0,21056
14911.0,21055
14911.0,21915
14911.0,22968
14911.0,85071A
14911.0,85071C
14911.0,22355
14911.0,22844
14911.0,21576
14911.0,22147
14911.0,22150
14911.0,22492
14911.0,22493
15012.0,22632
15012.0,21122
15012.0,85014A
15012.0,21124
15012.0,22107
15012.0,84563A
15012.0,47504H
15012.0,21121
15012.0,21122
15012.0,21742
15012.0,21931
15012.0,22481
15012.0,72800B
15012.0,85099B
15012.0,84997D
15012.0,84997C
15012.0,21810
15012.0,22338
15012.0,22776
15012.0,22632
15012.0,22866
15012.0,22865
15012.0,22907
15012.0,84969
15012.0,21664
15012.0,21041
15012.0,22569
15012.0,20972
15012.0,22749
15012.0,47599B
15012.0,47599A
15012.0,22449
15012.0,21810
15012.0,21197
15012.0,21121
15012.0,21190
15012.0,22749
15012.0,20914
15012.0,84836
15012.0,22151
15012.0,21098
15012.0,22941
15012.0,37370
15012.0,22739
15012.0,85231B
15012.0,84968C
15012.0,85035B
15012.0,21326
15012.0,84836
15023.0,22694
15023.0,22914
15023.0,22913
15023.0,22912
15023.0,22862
15023.0,22891
15023.0,22862
15023.0,22112
15023.0,22579
15023.0,22588
15023.0,22581
15023.0,22578
15023.0,21824
15023.0,22576
15023.0,22571
15023.0,22577
15023.0,22909
15023.0,22866
15023.0,22111
15023.0,22112
15023.0,22659
15023.0,84406B
15023.0,22574
15023.0,22470
15023.0,22770
15023.0,22189
15023.0,22188
15023.0,22822
15023.0,22891
15023.0,22457
15023.0,84406B
15023.0,22719
15038.0,21174
15038.0,22458
15038.0,21165
15038.0,85152
15038.0,21907
15038.0,22459
15038.0,21485
15038.0,22158
15038.0,72807C
15038.0,72802C
15038.0,72802A
15038.0,72802B
15038.0,21166
15038.0,72802C
15038.0,72802A
15038.0,22112
15038.0,21181
15038.0,22156
15038.0,21175
15038.0,22296
15038.0,22297
15038.0,22295
15038.0,85150
15038.0,90175A
15038.0,90210B
15038.0,90185D
15038.0,90002D
15038.0,21876
15038.0,22469
15038.0,22297
15061.0,22328
15061.0,22530
15061.0,22492
15061.0,22467
15061.0,22454
15061.0,22453
15061.0,22452
15061.0,22075
15061.0,21509
15061.0,22536
15061.0,22752
15061.0,22630
15061.0,22629
15061.0,22585
15061.0,21673
15061.0,22534
15061.0,22533
15061.0,22530
15061.0,22454
15061.0,22453
15061.0,22452
15061.0,22075
15061.0,21673
15061.0,21499
15061.0,21498
15061.0,21212
15061.0,20719
15061.0,20685
15061.0,16237
15061.0,84946
15061.0,84879
15061.0,22659
15061.0,22423
15061.0,20963
15061.0,20961
15061.0,85178
15061.0,22617
15061.0,22558
15061.0,22558
15061.0,48187
15061.0,71459
15061.0,22659
15061.0,84952B
15061.0,21508
15061.0,21507
15061.0,21506
15061.0,21500
15061.0,21499
15061.0,21498
15061.0,21212
15061.0,20719
15061.0,20685
15061.0,16237
15061.0,85178
15061.0,85116
15061.0,84347
15061.0,84952B
15061.0,84692
15061.0,84952C
15061.0,71459
15061.0,85116
15061.0,22533
15061.0,84347
15061.0,22536
15061.0,22585
15061.0,22629
15061.0,22534
15061.0,22659
15093.0,22030
15093.0,21524
15093.0,21916
15093.0,21508
15093.0,22027
15093.0,22029
15093.0,84077
15093.0,21506
15093.0,22023
15093.0,21507
15093.0,21509
15111.0,22961
15111.0,21042
15111.0,22090
15111.0,22637
15111.0,84029G
15111.0,48138
15111.0,22865
15111.0,22866
15111.0,22867
15111.0,21888
15111.0,21872
15165.0,85019C
15165.0,72741
15165.0,22969
15165.0,37495
15165.0,22807
15165.0,82486
15165.0,22173
15165.0,85067
15165.0,48184
15165.0,48138
15165.0,48129
15165.0,21625
15165.0,22326
15165.0,22423
15165.0,21743
15165.0,22557
15165.0,22171
15165.0,22632
15165.0,22554
15165.0,20902
15165.0,22867
15165.0,84030E
15260.0,21217
15260.0,22423
15260.0,22594
15260.0,22595
15260.0,22576
15260.0,79321
15260.0,21739
15260.0,21738
15260.0,21741
15260.0,84347
15260.0,22469
15260.0,22574
15311.0,21934
15311.0,22411
15311.0,84854
15311.0,22139
15311.0,22719
15311.0,21523
15311.0,21175
15311.0,37444A
15311.0,37444C
15311.0,22086
15311.0,35004C
15311.0,37449
15311.0,79321
15311.0,21258
15311.0,22355
15311.0,22083
15311.0,84971S
15311.0,35004C
15311.0,22778
15311.0,21169
15311.0,21731
15311.0,22176
15311.0,22637
15311.0,22262
15311.0,71270
15311.0,22771
15311.0,22261
15311.0,84832
15311.0,22644
15311.0,21533
15311.0,21557
15311.0,15056BL
15311.0,22774
15311.0,21672
15311.0,82567
15311.0,21166
15311.0,47580
15311.0,15056N
15311.0,22646
15311.0,22438
15311.0,71270
15311.0,85035B
15311.0,85014A
15311.0,21867
15311.0,84563A
15311.0,21504
15311.0,21172
15311.0,84865
15311.0,21033
15311.0,84946
15311.0,22778
15311.0,22620
15311.0,22502
15311.0,37446
15311.0,21672
15311.0,21673
15311.0,84563B
15311.0,82613B
15311.0,22775
15311.0,22775
15311.0,22086
15311.0,84378
15311.0,22637
15311.0,22891
15332.0,22551
15332.0,85114B
15332.0,20967
15332.0,22569
15332.0,22940
15332.0,22750
15332.0,22568
15332.0,22751
15332.0,22306
15332.0,22554
15332.0,22409
15332.0,21915
15332.0,15056BL
15332.0,15056N
15332.0,20679
15332.0,20686
15332.0,20682
15332.0,20681
15332.0,21429
15332.0,21914
15332.0,22273
15332.0,20967
15332.0,22307
15332.0,22300
15332.0,22301
15332.0,22553
15332.0,22271
15332.0,85206A
15332.0,22750
15351.0,22382
15351.0,20983
15351.0,22196
15351.0,22617
15351.0,22474
15351.0,47310M
15351.0,22356
15351.0,21447
15351.0,22457
15351.0,22505
15351.0,21446
15351.0,21329
15351.0,22380
15351.0,21833
15351.0,22185
15351.0,85150
15351.0,22477
15351.0,22728
15351.0,22432
15351.0,22433
15351.0,84997D
15351.0,21888
15351.0,21912
15351.0,84969
15351.0,22197
15351.0,22524
15351.0,22525
15351.0,22383
15351.0,22662
15351.0,22479
15351.0,85099B
15351.0,22478
15351.0,21429
15351.0,22898
15351.0,22255
15351.0,22977
15351.0,22086
15351.0,22988
15351.0,20975
15351.0,22383
15351.0,22256
15351.0,20681
15351.0,21161
15351.0,22433
15351.0,85214
15351.0,21892
15351.0,22575
15351.0,11001
15363.0,22382
15363.0,21561
15363.0,22943
15363.0,22493
15363.0,20798
15363.0,22669
15363.0,22457
15363.0,21743
15363.0,21790
15363.0,22320
15363.0,21249
15373.0,21843
15373.0,22504
15373.0,21955
15373.0,22113
15373.0,22423
15373.0,21625
15426.0,22112
15426.0,20829
15426.0,22851
15426.0,84988
15426.0,84508B
15426.0,84792
15426.0,21811
15426.0,21811
15426.0,47566B
15426.0,22910
15426.0,79190A
15426.0,22834
15426.0,21356
15426.0,22607
15426.0,22156
15426.0,15060B
15426.0,20671
15426.0,85130A
15426.0,21904
15426.0,35924
15426.0,47567B
15426.0,85152
15426.0,21903
15426.0,82599
15426.0,21903
15426.0,21908
15426.0,84509G
15426.0,21624
15426.0,21116
15426.0,22851
15426.0,21892
15426.0,47567B
15426.0,85129D
15426.0,21166
15426.0,21181
15426.0,22318
15426.0,21422
15426.0,22121
15426.0,21745
15426.0,82486
15426.0,82483
15426.0,21326
15426.0,22595
15426.0,85129B
15426.0,84406B
15426.0,21232
15426.0,22570
15426.0,21143
15426.0,84946
15426.0,47593B
15426.0,22296
15426.0,22278
15426.0,22640
15426.0,21811
15426.0,22639
15426.0,21754
15426.0,22640
15426.0,22151
15426.0,15034
15426.0,21313
15426.0,22798
15426.0,22800
15426.0,84987
15426.0,85129D
15426.0,21213
15426.0,85129C
15426.0,22574
15426.0,22421
15426.0,22430
15426.0,22427
15426.0,84879
15426.0,47559B
15426.0,22278
15426.0,22568
15426.0,20967
15426.0,84946
15426.0,22570
15426.0,21361
15426.0,21340
15426.0,21137
15426.0,21754
15485.0,21506
15485.0,22819
15485.0,21519
15485.0,21498
15485.0,22704
15485.0,15056BL
15485.0,22688
15485.0,15056N
15485.0,22049
15485.0,21498
15485.0,21497
15485.0,21333
15485.0,22727
15485.0,22726
15485.0,22730
15485.0,22086
15485.0,22910
15485.0,22194
15502.0,22926
15502.0,22927
15502.0,22849
15502.0,22847
15502.0,22357
15502.0,22476
15502.0,71477
15502.0,84658
15502.0,82484
15502.0,22473
15502.0,47566B
15502.0,47580
15502.0,22195
15502.0,22196
15502.0,21949
15502.0,21080
15502.0,22625
15525.0,22961
15525.0,22411
15525.0,22454
15525.0,22453
15525.0,22900
15525.0,22445
15525.0,22568
15525.0,22911
15525.0,22585
15525.0,22911
15525.0,22743
15525.0,22744
15525.0,84985A
15525.0,22584
15525.0,22839
15525.0,22938
15525.0,22570
15525.0,22812
15525.0,22867
15525.0,22865
15525.0,85049A
15525.0,22077
15525.0,85049E
15525.0,22082
15525.0,22607
15525.0,22326
15525.0,22865
15525.0,22454
15525.0,22616
15525.0,21731
15525.0,22411
15525.0,22938
15525.0,22130
15525.0,22584
15525.0,21992
15525.0,22635
15525.0,22743
15525.0,22744
15525.0,22963
15525.0,22839
15525.0,22128
15525.0,22813
15525.0,85114B
15525.0,84985A
15525.0,22910
15525.0,22585
15525.0,21587
15525.0,22815
15525.0,22960
15525.0,85114C
15525.0,85114B
15525.0,22974
15544.0,21239
15544.0,21238
15544.0,20674
15544.0,20675
15544.0,21244
15544.0,84997A
15544.0,21212
15544.0,21094
15544.0,21086
15544.0,21080
15544.0,85049A
15544.0,22086
15544.0,22910
15544.0,21245
15544.0,22332
15544.0,22437
15544.0,21988
15544.0,21987
15544.0,21207
15544.0,21213
15544.0,22423
15545.0,82551
15545.0,82580
15545.0,22037
15545.0,35004C
15545.0,22556
15545.0,22551
15545.0,84792
15545.0,22671
15545.0,20699
15545.0,20697
15545.0,22024
15545.0,22837
15545.0,22943
15545.0,84879
15545.0,22616
15545.0,22660
15545.0,22441
15545.0,79067
15545.0,21360
15545.0,22555
15545.0,22076
15545.0,22117
15545.0,85135C
15545.0,22625
15545.0,22467
15545.0,22077
15555.0,21818
15555.0,21803
15555.0,21801
15555.0,21807
15555.0,21802
15555.0,21018
15555.0,84879
15555.0,20733
15555.0,21817
15555.0,21819
15555.0,21824
15555.0,22560
15555.0,22297
15555.0,22294
15555.0,22295
15555.0,22296
15555.0,22154
15555.0,22155
15555.0,22603
15555.0,22600
15555.0,22602
15555.0,22577
15555.0,22571
15555.0,22576
15555.0,22601
15555.0,21014
15555.0,22713
15570.0,22725
15570.0,22865
15570.0,22867
15570.0,22865
15570.0,22632
15570.0,22866
15570.0,22728
15570.0,22727
15570.0,22460
15570.0,22910
15570.0,22727
15570.0,22086
15570.0,22627
15570.0,22624
15570.0,20713
15570.0,84947
15570.0,21326
15570.0,22083
15570.0,22910
15570.0,21808
15570.0,22626
15570.0,22865
15570.0,21485
15570.0,21484
15570.0,21481
15570.0,21485
15570.0,84030E
15570.0,22424
15570.0,21479
15570.0,22192
15570.0,22191
15570.0,22193
15570.0,22625
15570.0,22733
15570.0,21481
15570.0,22111
15570.0,82482
15570.0,22747
15570.0,22748
15574.0,21587
15574.0,22562
15574.0,22909
15574.0,22623
15574.0,21982
15574.0,22585
15574.0,21399
15574.0,21398
15574.0,84879
15574.0,22973
15574.0,22976
15574.0,22988
15574.0,22972
15574.0,21967
15574.0,20724
15574.0,20719
15574.0,20766
15574.0,22634
15574.0,21625
15574.0,22906
15574.0,21993
15574.0,21591
15574.0,16258A
15574.0,22077
15574.0,22974
15574.0,20751
15574.0,22744
15574.0,21327
15574.0,21328
15574.0,21990
15574.0,72598
15574.0,21121
15574.0,21135
15574.0,21591
15574.0,21981
15574.0,21982
15574.0,21984
15574.0,21967
15574.0,22553
15574.0,84832
15574.0,84879
15574.0,22977
15574.0,20668
15574.0,21357
15574.0,84952B
15574.0,84952C
15574.0,22659
15574.0,22902
15574.0,21268
15574.0,22952
15574.0,22328
15574.0,21393
15574.0,21392
15574.0,21967
15574.0,22616
15574.0,21981
15574.0,22181
15574.0,22906
15574.0,21719
15574.0,20665
15574.0,22745
15574.0,22174
15574.0,22376
15574.0,85144
15574.0,22909
15574.0,22435
15574.0,21327
15574.0,21354
15574.0,22350
15574.0,22585
15574.0,21393
15574.0,21392
15574.0,22791
15574.0,21559
15574.0,21578
15574.0,21026
15574.0,22553
15574.0,22554
15574.0,22376
15574.0,21032
15574.0,22376
15574.0,21026
15574.0,21030
15574.0,21031
15574.0,21025
15574.0,21328
15574.0,22087
15574.0,84347
15574.0,21714
15574.0,21578
15574.0,22661
15574.0,20979
15574.0,20977
15574.0,22082
15574.0,22899
15574.0,21935
15574.0,22561
15574.0,22607
15574.0,21430
15574.0,84985A
15574.0,21577
15574.0,22902
15574.0,22635
15574.0,22748
15574.0,22745
15574.0,22617
15574.0,20728
15574.0,20752
15574.0,21484
15574.0,21587
15574.0,22636
15574.0,22555
15574.0,22557
15574.0,21892
15574.0,21426
15574.0,22619
15601.0,21518
15601.0,21520
15601.0,21756
15601.0,21506
15601.0,22023
15601.0,21519
15601.0,22037
15601.0,22029
15601.0,22030
15601.0,22027
15601.0,22983
15601.0,21672
15601.0,22717
15601.0,22712
15601.0,22028
15601.0,22815
15601.0,72818
15601.0,22419
15601.0,21071
15601.0,22697
15601.0,21670
15601.0,21669
15601.0,21671
15601.0,21673
15601.0,22771
15601.0,22718
15601.0,21355
15601.0,22772
15601.0,22432
15601.0,22433
15601.0,22431
15601.0,84674
15601.0,22775
15601.0,82486
15601.0,82483
15601.0,21068
15601.0,21069
15601.0,21070
15601.0,22972
15601.0,22245
15601.0,22974
15601.0,82494L
15601.0,48187
15605.0,22418
15605.0,21523
15605.0,22219
15605.0,21156
15605.0,20685
15605.0,22121
15605.0,22118
15646.0,72816
15646.0,37450
15646.0,20668
15646.0,22818
15646.0,22816
15646.0,22043
15646.0,22044
15646.0,85032D
15646.0,46000S
15646.0,22413
15646.0,22089
15646.0,17003
15658.0,21755
15658.0,22927
15658.0,22776
15658.0,22778
15658.0,22777
15658.0,22783
15658.0,22941
15658.0,21756
15658.0,22961
15708.0,21733
15708.0,20936
15708.0,22592
15708.0,82483
15708.0,22188
15708.0,85175
15708.0,22300
15708.0,22304
15708.0,21916
15708.0,22799
15708.0,22305
15708.0,22730
15708.0,22725
15708.0,22854
15708.0,22173
15708.0,22727
15708.0,22725
15708.0,22301
15708.0,20936
15708.0,85175
15708.0,85174
15708.0,22729
15708.0,22625
15708.0,22694
15708.0,22307
15708.0,72760B
15708.0,85064
15708.0,22730
15708.0,22726
15708.0,22726
15708.0,22727
15708.0,22730
15708.0,22727
15708.0,22729
15708.0,22854
15708.0,22624
15708.0,22776
15708.0,85174
15708.0,85123A
15708.0,22469
15716.0,22114
15716.0,85038
15716.0,22696
15716.0,22155
15716.0,22604
15716.0,22638
15716.0,22639
15716.0,22585
15716.0,22574
15716.0,21294
15716.0,85049A
15716.0,84029G
15716.0,22835
15716.0,22082
15716.0,85049E
15716.0,84879
15716.0,22810
15716.0,22766
15716.0,22173
15716.0,22155
15716.0,22158
15716.0,20878
15716.0,22429
15716.0,21034
15716.0,84836
15716.0,22739
15716.0,22121
15716.0,22470
15716.0,22365
15716.0,22904
15716.0,22121
15716.0,21326
15716.0,22809
15738.0,21206
15738.0,20974
15738.0,22333
15738.0,84375
15738.0,20677
15738.0,22083
15738.0,47599A
15738.0,47590B
15738.0,20975
15752.0,22865
15752.0,22866
15752.0,85071D
15752.0,22633
15752.0,21272
15752.0,22632
15752.0,82580
15752.0,62096A
15752.0,84032A
15808.0,82494L
15808.0,22747
15808.0,22624
15808.0,22748
15808.0,22467
15808.0,85099C
15808.0,85099B
15808.0,82483
15808.0,22866
15808.0,22633
15808.0,22729
15808.0,22727
15808.0,22727
15808.0,22726
15808.0,22193
15808.0,22192
15808.0,82482
15808.0,22625
15808.0,82494L
15808.0,22988
15808.0,37370
15808.0,82482
15808.0,84406B
15808.0,22728
15808.0,22727
15808.0,22746
15808.0,22745
15808.0,20914
15808.0,22141
15808.0,22747
15808.0,22746
15808.0,22748
15808.0,21787
15808.0,22745
15808.0,22147
15808.0,22742
15808.0,22563
15808.0,22910
15808.0,20977
15808.0,22086
15808.0,79321
15808.0,22646
15808.0,22644
15808.0,22645
15808.0,22371
15808.0,22374
15808.0,22376
15808.0,22198
15808.0,22654
15808.0,22900
15808.0,85099C
15808.0,22352
15808.0,21559
15808.0,84029E
15808.0,22867
15808.0,22834
15808.0,22837
15808.0,22969
15808.0,84029G
15827.0,22806
15827.0,22893
15827.0,21843
15827.0,21217
15827.0,20914
15827.0,22840
15827.0,22963
15827.0,22841
15827.0,22969
15862.0,22810
15862.0,84991
15862.0,22851
15862.0,21122
15862.0,22441
15862.0,22662
15862.0,22413
15862.0,82581
15862.0,22384
15862.0,22467
15862.0,84625C
15862.0,84625A
15862.0,21108
15862.0,21907
15862.0,22809
15862.0,20963
15862.0,20966
15862.0,20992
15862.0,21587
15862.0,21033
15862.0,21592
15862.0,22502
15862.0,22428
15862.0,84030E
15862.0,84709B
15862.0,22435
15862.0,21744
15862.0,20725
15862.0,22382
15862.0,20726
15862.0,21743
15862.0,22068
15862.0,85123A
15862.0,82483
15862.0,20961
15862.0,20749
15862.0,22804
15862.0,22549
15862.0,22100
15862.0,85150
15862.0,47570B
15862.0,20820
15862.0,21464
15862.0,21463
15862.0,22848
15862.0,22766
15862.0,22768
15862.0,22767
15862.0,84510A
15862.0,84509A
15862.0,22473
15862.0,17091A
15862.0,22961
15862.0,21328
15862.0,85049E
15862.0,84744
15862.0,22117
15862.0,21169
15862.0,22451
15867.0,22451
15867.0,22450
15867.0,21892
15867.0,22273
15867.0,22272
15867.0,47369B
15867.0,47343A
15867.0,21892
15867.0,22076
15867.0,85049A
15867.0,22077
15867.0,21038
15867.0,47369A
15867.0,84029E
15867.0,22188
15867.0,22113
15867.0,22110
15867.0,21479
15867.0,22112
15867.0,84030E
15867.0,22471
15867.0,22632
15867.0,21891
15867.0,22865
15880.0,35953
15880.0,85099F
15880.0,21930
15880.0,22095
15880.0,84596E
15880.0,84596G
15880.0,22327
15880.0,22328
15880.0,22470
15880.0,22469
15880.0,21864
15880.0,22953
15880.0,82551
15880.0,22086
15880.0,22553
15880.0,22910
15880.0,22197
15880.0,20764
15880.0,22294
15880.0,22186
15880.0,21427
15880.0,21592
15880.0,21588
15880.0,22659
15880.0,22297
15880.0,22294
15880.0,85123A
15880.0,22296
15880.0,22551
15880.0,22086
15880.0,72051S
15880.0,21882
15880.0,21900
15880.0,21901
15880.0,22906
15880.0,84744
15880.0,85014B
15880.0,22100
15880.0,15060B
15880.0,21169
15880.0,21326
15880.0,84569D
15880.0,22112
15880.0,22412
15880.0,21174
15880.0,22952
15880.0,21504
15880.0,84378
15880.0,72800E
15880.0,72799E
15880.0,72799F
15880.0,21181
15880.0,22109
15880.0,22295
15880.0,22190
15880.0,22198
15880.0,35953
15880.0,22437
15880.0,21967
15880.0,21581
15880.0,21677
15880.0,21679
15880.0,84051
15880.0,21187
15880.0,22086
15880.0,35471D
15880.0,84534B
15880.0,21563
15880.0,22730
15880.0,21163
15880.0,21165
15880.0,21158
15880.0,85152
15880.0,22364
15880.0,22480
15880.0,84352
15880.0,21931
15880.0,22158
15880.0,85099B
15880.0,22095
15880.0,22100
15880.0,21985
15880.0,22759
15880.0,22779
15880.0,22435
15880.0,84535B
15880.0,84536B
15880.0,22867
15880.0,22633
15880.0,22865
15880.0,21110
15880.0,22784
15880.0,22278
15880.0,47579
15880.0,22866
15880.0,47566B
15880.0,22557
15880.0,21882
15880.0,22553
15880.0,21882
15880.0,21881
15889.0,M
15889.0,84597C
15889.0,21165
15889.0,82600
15889.0,22441
15889.0,22467
15889.0,21592
15889.0,21584
15889.0,22924
15889.0,21098
15889.0,21098
15889.0,22915
15889.0,21892
15889.0,21401
15889.0,21581
15889.0,20978
15889.0,90082B
15889.0,90082D
15889.0,90082B
15889.0,51020A
15889.0,21890
15889.0,51020B
15889.0,22665
15889.0,21306
15889.0,22550
15889.0,84558A
15889.0,22548
15889.0,22428
15889.0,21587
15889.0,22041
15889.0,22532
15889.0,22531
15889.0,22441
15889.0,22744
15889.0,22726
15889.0,22725
15889.0,22441
15889.0,21034
15889.0,90185D
15889.0,90082D
15889.0,90082B
15889.0,21830
15889.0,90062
15889.0,22475
15889.0,48187
15889.0,90200E
15889.0,21311
15889.0,21307
15889.0,84879
15889.0,21393
15889.0,84836
15889.0,21401
15889.0,22666
15889.0,22867
15889.0,22633
15889.0,85114A
15889.0,20978
15889.0,22747
15889.0,22745
15889.0,22748
15889.0,21034
15894.0,37509
15894.0,21034
15894.0,22197
15894.0,M
15894.0,22156
15894.0,21811
15894.0,21820
15894.0,22633
15894.0,22174
15894.0,22557
15894.0,21212
15894.0,22030
15894.0,22443
15894.0,82616B
15894.0,84247G
15894.0,82616B
15894.0,22482
15894.0,22866
15894.0,22616
15894.0,22866
15894.0,22278
15894.0,22810
15894.0,22809
15894.0,20711
15894.0,22818
15894.0,22816
15894.0,21849
15894.0,84991
15894.0,22417
15894.0,22158
15894.0,22156
15894.0,21122
15894.0,84991
15922.0,22798
15922.0,20867
15922.0,21688
15922.0,22423
15922.0,21694
15922.0,22183
15922.0,22277
15923.0,22367
15923.0,16235
15923.0,85038
15923.0,84755
15923.0,21161
15923.0,20986
15923.0,20832
15923.0,84509G
15923.0,84341B
15923.0,22131
15923.0,47591D
15923.0,47591B
15923.0,48173C
15923.0,22501
15923.0,22964
15923.0,21364
15953.0,72802B
15953.0,22942
15953.0,47559B
15953.0,22633
15953.0,85231B
15953.0,84596F
15953.0,84596L
15953.0,20726
15953.0,22633
15953.0,82494L
15953.0,82482
15955.0,22112
15955.0,22114
15955.0,84029E
15955.0,22759
15955.0,22557
15955.0,21754
15955.0,22855
15955.0,22502
15955.0,85152
15955.0,22441
15955.0,21181
15955.0,85150
15955.0,21868
15955.0,21870
15955.0,84375
15983.0,72800E
15983.0,84347
15983.0,22620
15983.0,22619
15983.0,21891
15983.0,22480
15983.0,22294
15983.0,16014
15983.0,21156
15983.0,22294
15983.0,84836
15983.0,20774
15983.0,20773
15983.0,20777
15983.0,21890
15983.0,10133
15983.0,21156
15983.0,85169B
15983.0,16016
15983.0,22152
15983.0,21587
15983.0,21586
15983.0,21651
15983.0,85172
15983.0,21651
15983.0,85172
15983.0,22618
16029.0,84880
16029.0,21731
16029.0,85099C
16029.0,22466
16029.0,22207
16029.0,21929
16029.0,85099B
16033.0,37370
16033.0,22730
16033.0,21868
16033.0,21877
16033.0,21876
16033.0,22727
16033.0,22728
16033.0,22358
16033.0,22726
16033.0,22507
16033.0,22652
16033.0,84924A
16033.0,35241
16033.0,35810B
16033.0,22193
16033.0,22427
16033.0,22426
16033.0,22956
16033.0,22955
16033.0,22629
16033.0,22630
16098.0,22838
16098.0,22839
16098.0,22783
16098.0,22926
16098.0,21912
16098.0,22726
16098.0,21832
16143.0,21430
16143.0,21539
16143.0,20725
16143.0,22383
16143.0,21175
16143.0,22665
16143.0,22667
16143.0,22469
16143.0,22694
16143.0,22470
16143.0,22116
16150.0,22772
16150.0,22171
16150.0,84879
16150.0,22169
16150.0,21260
16150.0,22768
16150.0,22766
16150.0,85064
16150.0,22470
16150.0,22759
16150.0,22170
16150.0,22469
16150.0,20724
16150.0,22356
16150.0,22077
16150.0,21430
16150.0,21429
16186.0,22174
16186.0,85014A
16186.0,21232
16186.0,20971
16186.0,22961
16186.0,22969
16186.0,21700
16186.0,22064
16186.0,85014B
16186.0,22815
16186.0,20974
16186.0,21481
16186.0,22727
16186.0,85199L
16186.0,20972
16203.0,22727
16203.0,21914
16203.0,21912
16203.0,22750
16203.0,20971
16203.0,22960
16210.0,20977
16210.0,22633
16210.0,22571
16210.0,22595
16210.0,22593
16210.0,20979
16210.0,22632
16210.0,22423
16210.0,22619
16218.0,22197
16218.0,22469
16218.0,21125
16218.0,21126
16218.0,85049G
16218.0,85049D
16218.0,85049C
16218.0,22805
16218.0,21061
16218.0,22773
16218.0,85049E
16218.0,22771
16218.0,21063
16218.0,21062
16218.0,84380
16218.0,84378
16218.0,22964
16218.0,21213
16218.0,22417
16218.0,21212
16218.0,84992
16218.0,21975
16218.0,22383
16241.0,22867
16241.0,22834
16241.0,21621
16241.0,22086
16241.0,21623
16241.0,22632
16241.0,21733
16241.0,21626
16241.0,21485
16244.0,22318
16244.0,22209
16244.0,22210
16244.0,47590A
16244.0,47590B
16244.0,21380
16244.0,21381
16244.0,22208
16244.0,22285
16244.0,22335
16244.0,84991
16244.0,22071
16244.0,84992
16244.0,85216
16244.0,21538
16244.0,21527
16244.0,22352
16244.0,21533
16244.0,21041
16244.0,20750
16244.0,20975
16244.0,20983
16244.0,22637
16244.0,21216
16244.0,21537
16244.0,84509A
16244.0,84510A
16244.0,22131
16244.0,22297
16244.0,84836
16244.0,21390
16244.0,84971S
16244.0,22188
16244.0,84406B
16244.0,22212
16244.0,22469
16244.0,22502
16244.0,72741
16244.0,84970L
16244.0,21159
16244.0,21161
16244.0,21158
16244.0,21163
16244.0,21383
16244.0,20974
16244.0,22284
16244.0,21429
16244.0,21313
16244.0,21108
16244.0,47599B
16244.0,47566B
16244.0,22499
16244.0,22090
16244.0,20982
16244.0,22070
16244.0,51014A
16244.0,22111
16244.0,84032B
16250.0,22318
16250.0,22923
16250.0,22464
16250.0,21363
16250.0,21523
16250.0,21755
16250.0,21754
16250.0,22915
16250.0,22969
16274.0,22818
16274.0,21591
16274.0,22640
16274.0,22750
16274.0,22767
16274.0,22660
16274.0,85232B
16274.0,22941
16274.0,M
16274.0,21761
16274.0,22579
16274.0,22572
16274.0,21811
16274.0,21147
16274.0,21809
16274.0,21810
16274.0,22571
16274.0,22641
16274.0,22638
16274.0,22573
16274.0,22816
16274.0,21818
16274.0,21809
16274.0,22603
16274.0,21587
16274.0,21071
16274.0,22765
16274.0,22121
16274.0,22119
16274.0,21340
16274.0,22113
16274.0,22111
16274.0,22494
16274.0,22659
16274.0,84870C
16274.0,22496
16274.0,22111
16274.0,22713
16274.0,22616
16274.0,22622
16274.0,21462
16274.0,22171
16274.0,22576
16274.0,21351
16274.0,22130
16274.0,84870B
16274.0,22945
16274.0,21871
16274.0,22825
16274.0,22946
16274.0,22428
16274.0,21191
16274.0,22731
16274.0,22635
16274.0,22738
16274.0,22739
16274.0,M
16274.0,22086
16274.0,21823
16274.0,21014
16274.0,21804
16274.0,21808
16327.0,20725
16327.0,20719
16327.0,20724
16327.0,22355
16327.0,22383
16327.0,22381
16327.0,20728
16327.0,20723
16327.0,85099F
16327.0,22379
16327.0,20972
16327.0,20727
16327.0,84921
16327.0,85185B
16327.0,82580
16327.0,71477
16327.0,21232
16327.0,84970S
16327.0,21421
16327.0,21422
16327.0,22457
16327.0,82600
16327.0,85130A
16327.0,22728
16327.0,84879
16327.0,21494
16327.0,21257
16327.0,21260
16327.0,15039
16327.0,22494
16327.0,85130D
16327.0,84970L
16327.0,82578
16327.0,21154
16327.0,84832
16327.0,22469
16327.0,84945
16327.0,22630
16327.0,22470
16327.0,21231
16327.0,21157
16327.0,84971S
16327.0,47591D
16327.0,84836
16327.0,84946
16327.0,21155
16327.0,47559B
16327.0,22348
16327.0,22792
16327.0,22560
16327.0,35653
16327.0,84978
16327.0,22791
16327.0,22175
16327.0,20971
16327.0,22646
16327.0,22667
16327.0,84569D
16327.0,72351A
16327.0,22151
16327.0,M
16402.0,22667
16402.0,22358
16402.0,22386
16402.0,22860
16402.0,22564
16402.0,22560
16402.0,22585
16402.0,22585
16402.0,22813
16402.0,22962
16402.0,22963
16402.0,22969
16402.0,22961
16402.0,22807
16402.0,85187
16402.0,85174
16402.0,22087
16402.0,22633
16402.0,22865
16402.0,22867
16402.0,22808
16402.0,21109
16402.0,20702
16402.0,22094
16402.0,22129
16402.0,21114
16402.0,22563
16402.0,22666
16402.0,21106
16402.0,22956
16402.0,85208
16402.0,22099
16402.0,20748
16402.0,21865
16402.0,21864
16402.0,22084
16402.0,22098
16402.0,21107
16402.0,22386
16402.0,22907
16402.0,22128
16402.0,21107
16402.0,22097
16402.0,22065
16402.0,22487
16402.0,22859
16402.0,21580
16402.0,21147
16402.0,22499
16402.0,22093
16402.0,21106
16402.0,22638
16411.0,22697
16411.0,22555
16411.0,22551
16411.0,22556
16411.0,22557
16411.0,84946
16411.0,22312
16411.0,22417
16411.0,21212
16411.0,22367
16411.0,21484
16411.0,22792
16411.0,21156
16411.0,22556
16411.0,22553
16411.0,21915
16422.0,22090
16422.0,21094
16422.0,21080
16422.0,17003
16422.0,20974
16422.0,47599A
16422.0,47590A
16422.0,20975
16455.0,22805
16455.0,22771
16455.0,22586
16455.0,22773
16455.0,22587
16455.0,22565
16455.0,22566
16455.0,22150
16455.0,22772
16455.0,22147
16455.0,20971
16455.0,22149
16455.0,22438
16455.0,22570
16456.0,21931
16456.0,20711
16456.0,22382
16456.0,20727
16456.0,20713
16456.0,21928
16456.0,22383
16456.0,22386
16456.0,85099B
16456.0,22411
16456.0,21930
16477.0,21914
16477.0,21890
16477.0,21889
16477.0,22144
16477.0,22142
16477.0,22141
16477.0,21945
16477.0,22114
16477.0,21704
16510.0,22914
16510.0,22795
16510.0,22768
16510.0,21259
16510.0,22969
16510.0,22082
16510.0,21258
16510.0,84947
16539.0,21523
16539.0,22121
16539.0,22469
16539.0,22855
16539.0,21754
16539.0,21756
16539.0,21817
16539.0,22696
16539.0,21810
16539.0,22595
16539.0,21811
16539.0,22593
16539.0,22589
16539.0,22579
16539.0,22578
16539.0,22577
16546.0,22737
16546.0,22910
16546.0,22632
16546.0,22867
16546.0,22633
16546.0,22952
16546.0,22588
16583.0,21889
16583.0,22113
16583.0,21715
16583.0,22358
16583.0,21892
16583.0,21891
16583.0,22969
16583.0,22111
16583.0,21890
16718.0,22916
16718.0,22867
16718.0,21889
16718.0,22560
16718.0,21918
16718.0,85135B
16718.0,22818
16718.0,22943
16718.0,22141
16718.0,22759
16718.0,22920
16718.0,22816
16718.0,22550
16718.0,21912
16718.0,22357
16718.0,22633
16718.0,22917
16718.0,22941
16718.0,22918
16718.0,21025
16718.0,84836
16718.0,22972
16718.0,22489
16718.0,22362
16718.0,21696
16718.0,22914
16718.0,22913
16718.0,22295
16718.0,21918
16718.0,21014
16718.0,21888
16718.0,22975
16718.0,22976
16718.0,22955
16718.0,22955
16718.0,21703
16718.0,22034
16718.0,84692
16718.0,35598B
16718.0,22566
16725.0,85175
16725.0,22686
16725.0,16237
16725.0,84836
16725.0,22660
16725.0,48187
16725.0,22786
16725.0,22678
16725.0,22670
16725.0,22672
16725.0,21977
16725.0,72741
16725.0,22865
16725.0,22297
16725.0,22356
16725.0,46000R
16725.0,22070
16725.0,22457
16725.0,22072
16725.0,82494L
16781.0,48111
16781.0,82484
16781.0,22296
16781.0,21257
16781.0,82494L
16781.0,22183
16781.0,21745
16781.0,21781
16781.0,84683
16781.0,82486
16781.0,21844
16781.0,20828
16814.0,15056BL
16814.0,22415
16814.0,21889
16814.0,21754
16814.0,85123A
16814.0,22482
16814.0,82494L
16814.0,22294
16814.0,82482
16814.0,84879
16883.0,85049E
16883.0,37449
16883.0,85049B
16883.0,21730
16883.0,85049H
16883.0,22507
16883.0,85049F
16883.0,85049C
16883.0,85049G
16883.0,85123A
16883.0,22804
16883.0,22802
16891.0,35001G
16891.0,21715
16891.0,22406
16891.0,22968
16891.0,22914
16891.0,21913
16891.0,22550
16891.0,22089
16891.0,21206
16891.0,22669
16891.0,22374
16891.0,22076
16891.0,85049A
16891.0,85049F
16891.0,22632
16891.0,22633
16891.0,84987
16891.0,21210
16891.0,22222
16891.0,22910
16891.0,22130
16891.0,22912
16891.0,22913
16891.0,22450
16891.0,22910
16891.0,22451
16891.0,84991
16891.0,22866
16891.0,21135
16891.0,22154
16891.0,22153
16891.0,22945
16891.0,21428
16891.0,84987
16891.0,20998
16891.0,21907
16891.0,22798
16891.0,21143
16891.0,22914
16891.0,21407
16891.0,22187
16891.0,21098
16891.0,22866
16891.0,22961
16891.0,22144
16891.0,82483
16891.0,22702
16891.0,21462
16891.0,22940
16891.0,21034
16891.0,22405
16891.0,84993A
16891.0,22449
16891.0,22866
16891.0,22960
16891.0,84925D
16891.0,22941
16891.0,22961
16891.0,22851
16891.0,84625A
16891.0,85099B
16891.0,79067
16891.0,20754
16891.0,20751
16916.0,22666
16916.0,22659
16916.0,84755
16916.0,22465
16916.0,21213
16916.0,22972
16916.0,22349
16916.0,22973
16916.0,22862
16916.0,22941
16916.0,22652
16916.0,22768
16916.0,21427
16916.0,21504
16916.0,22292
16916.0,22558
16916.0,22379
16916.0,22311
16916.0,22470
16916.0,22469
16916.0,20978
16916.0,21974
16916.0,22316
16916.0,22553
16916.0,22557
16916.0,21211
16916.0,20914
16916.0,22974
16916.0,22514
16916.0,85127
16916.0,22086
16916.0,21931
16916.0,22505
16916.0,21922
16916.0,21584
16916.0,22312
16916.0,22822
16916.0,84692
16916.0,84380
16916.0,21472
16916.0,20978
16916.0,21833
16916.0,22196
16916.0,22988
16916.0,47504H
16926.0,22625
16926.0,22365
16926.0,22781
16926.0,22414
16926.0,48138
16926.0,22626
16926.0,22473
16926.0,22688
16926.0,22784
16931.0,20856
16931.0,20854
16931.0,22813
16931.0,22812
16931.0,84898F
16931.0,20967
16931.0,22745
16931.0,20971
16931.0,20972
16931.0,22565
16931.0,22566
16931.0,22746
16931.0,85123A
16931.0,85174
16931.0,85038
16931.0,22747
16931.0,20728
16931.0,22588
16931.0,22592
16931.0,85123A
16931.0,22144
16931.0,22141
16931.0,22469
16931.0,22739
16931.0,20970
16931.0,20723
16931.0,22735
16931.0,22301
16931.0,85227
16931.0,20713
16931.0,22748
16931.0,20712
16931.0,21871
16931.0,22737
16931.0,22300
16931.0,21876
17017.0,22556
17017.0,22910
17017.0,22197
17017.0,22198
17017.0,22418
17017.0,21791
17017.0,21914
17017.0,22551
17017.0,22440
17017.0,22434
17017.0,22466
17017.0,22564
17017.0,84077
17017.0,84375
17017.0,22909
17017.0,21915
17017.0,22943
17017.0,22952
17059.0,22577
17059.0,21164
17059.0,22534
17059.0,22532
17059.0,21034
17059.0,22141
17059.0,84997D
17059.0,84997B
17059.0,85064
17059.0,21587
17059.0,84534B
17059.0,22077
17059.0,22952
17059.0,21584
17059.0,22457
17059.0,21166
17059.0,21174
17059.0,21175
17059.0,21165
17059.0,82582
17059.0,21625
17059.0,22367
17059.0,21156
17059.0,47591D
17059.0,21871
17059.0,51014C
17059.0,22810
17059.0,22809
17059.0,21802
17059.0,21803
17059.0,21807
17059.0,22531
17059.0,21801
17059.0,22537
17059.0,22384
17059.0,22530
17059.0,22529
17059.0,22585
17059.0,85018D
17059.0,85231G
17059.0,85231B
17059.0,21830
17059.0,21931
17059.0,22086
17059.0,22585
17059.0,21621
17059.0,21259
17059.0,22366
17059.0,20974
17059.0,20975
17059.0,20973
17059.0,20712
17059.0,20713
17059.0,21930
17059.0,22386
17059.0,85099B
17059.0,21929
17059.0,22663
17059.0,20726
17059.0,22662
17059.0,20728
17059.0,22382
17059.0,22383
17059.0,20725
17059.0,85066
17059.0,22534
17059.0,22154
17059.0,22867
17059.0,22114
17059.0,22110
17059.0,21481
17059.0,21479
17059.0,21743
17059.0,84754
17059.0,22158
17059.0,84032A
17059.0,85049A
17059.0,85049E
17059.0,22112
17059.0,85049G
17059.0,85227
17059.0,21977
17059.0,22951
17059.0,21213
17059.0,84991
17059.0,22652
17059.0,22818
17059.0,22560
17059.0,22423
17059.0,22144
17059.0,85049B
17059.0,22835
17059.0,84032B
17059.0,22834
17059.0,22865
17059.0,22866
17059.0,22632
17059.0,22633
17059.0,22111
17059.0,84946
17059.0,21326
17059.0,84849B
17059.0,22603
17059.0,22733
17059.0,22731
17059.0,22536
17059.0,22571
17059.0,22732
17059.0,84029E
17059.0,21484
17059.0,21485
17059.0,20878
17062.0,22951
17062.0,M
17062.0,21494
17062.0,21976
17062.0,72598
17062.0,21975
17062.0,22417
17062.0,21977
17062.0,22109
17062.0,84992
17062.0,22795
17062.0,21730
17062.0,22107
17062.0,22186
17062.0,22952
17062.0,85135C
17062.0,84991
17062.0,72232
17062.0,21354
17062.0,84993B
17062.0,21358
17069.0,22960
17069.0,22961
17069.0,22962
17069.0,22963
17069.0,21777
17069.0,22666
17198.0,90128B
17198.0,21642
17198.0,84877D
17198.0,20657
17198.0,16237
17198.0,22578
17198.0,47422
17198.0,22940
17198.0,22754
17198.0,20658
17198.0,20982
17198.0,22651
17198.0,85178
17198.0,22396
17198.0,16238
17198.0,47503H
17198.0,10120
17198.0,20774
17198.0,20773
17198.0,22753
17198.0,72130
17198.0,72128
17198.0,72127
17198.0,22961
17198.0,21928
17198.0,22733
17198.0,20854
17198.0,22292
17198.0,20967
17198.0,90195B
17198.0,90196B
17198.0,90198B
17198.0,90152B
17198.0,90151
17198.0,22398
17198.0,48184
17198.0,48194
17198.0,20685
17198.0,21818
17198.0,20661
17198.0,20615
17198.0,22482
17198.0,21850
17198.0,20773
17198.0,21623
17198.0,22467
17198.0,21034
17198.0,22781
17211.0,21733
17211.0,22738
17211.0,22733
17211.0,22732
17211.0,85123A
17211.0,22736
17211.0,22577
17211.0,22114
17211.0,84029G
17211.0,22154
17211.0,22572
17211.0,22571
17211.0,22737
17211.0,22082
17211.0,22739
17211.0,22835
17211.0,35957
17211.0,35954
17211.0,22910
17211.0,22795
17211.0,22173
17211.0,22801
17211.0,22909
17211.0,84754
17211.0,22086
17211.0,22745
17211.0,22746
17211.0,84508B
17228.0,21931
17228.0,21930
17228.0,85099B
17228.0,22386
17228.0,20974
17228.0,20973
17228.0,20975
17228.0,70007
17228.0,22866
17228.0,21098
17228.0,22745
17228.0,22865
17228.0,22834
17238.0,21928
17238.0,22634
17238.0,22837
17238.0,22964
17238.0,84580
17238.0,84581
17238.0,22411
17238.0,21481
17238.0,85135B
17238.0,72802B
17238.0,15056N
17238.0,72807B
17238.0,84558A
17238.0,22750
17238.0,22149
17238.0,22150
17238.0,21054
17238.0,22505
17238.0,15056BL
17238.0,22505
17238.0,21623
17238.0,20750
17238.0,22837
17238.0,22910
17238.0,22966
17238.0,84380
17238.0,21479
17238.0,22694
17238.0,22968
17238.0,22075
17238.0,85049F
17238.0,85049C
17238.0,72802A
17238.0,22748
17238.0,22745
17238.0,20967
17238.0,21499
17238.0,22746
17238.0,20749
17238.0,22617
17238.0,21479
17238.0,22632
17238.0,21992
17238.0,21588
17238.0,47343A
17238.0,21918
17238.0,22086
17238.0,22144
17238.0,21098
17238.0,22352
17238.0,22865
17238.0,22142
17238.0,21539
17238.0,22940
17238.0,22618
17243.0,84029E
17243.0,22835
17243.0,21485
17243.0,22114
17243.0,22633
17243.0,72800E
17287.0,21588
17287.0,22867
17287.0,21586
17287.0,22866
17287.0,22633
17287.0,22423
17287.0,84879
17287.0,22988
17346.0,21592
17346.0,20914
17346.0,22837
17346.0,22900
17346.0,22174
17346.0,22112
17346.0,22895
17346.0,79144B
17346.0,22900
17346.0,22551
17346.0,22310
17346.0,22557
17346.0,22555
17346.0,22480
17346.0,21916
17346.0,22629
17346.0,22895
17346.0,22112
17346.0,21592
17346.0,22111
17346.0,22310
17346.0,22551
17346.0,22713
17346.0,21326
17346.0,84949
17346.0,22659
17346.0,22663
17346.0,22835
17346.0,22481
17346.0,22482
17377.0,21754
17377.0,21755
17377.0,21035
17377.0,22895
17377.0,22900
17377.0,84029E
17377.0,22113
17377.0,21488
17377.0,22983
17377.0,22712
17402.0,48194
17402.0,85135B
17402.0,22747
17402.0,22841
17402.0,22427
17402.0,22838
17402.0,22636
17402.0,21034
17402.0,22960
17402.0,22635
17402.0,22313
17402.0,22088
17402.0,22069
17402.0,21791
17402.0,84692
17402.0,20979
17402.0,22311
17402.0,21756
17402.0,22748
17511.0,22654
17511.0,85099B
17511.0,22969
17511.0,22174
17511.0,21080
17511.0,21533
17511.0,22198
17511.0,22197
17511.0,84030E
17511.0,84029G
17511.0,21485
17511.0,85123A
17511.0,22910
17511.0,84970S
17511.0,22968
17511.0,22963
17511.0,22962
17511.0,22961
17511.0,21086
17552.0,22551
17552.0,22966
17552.0,22890
17552.0,21981
17552.0,47590A
17552.0,47590B
17552.0,22502
17552.0,22617
17567.0,21527
17567.0,20718
17567.0,22379
17567.0,21258
17567.0,22077
17567.0,21668
17567.0,21669
17567.0,22198
17567.0,22197
17567.0,22627
17567.0,22626
17567.0,22625
17567.0,22624
17567.0,22774
17567.0,22775
17567.0,22772
17567.0,22771
17567.0,21673
17567.0,21672
17567.0,21671
17567.0,21670
17567.0,21533
17581.0,22086
17581.0,22084
17581.0,22333
17581.0,22355
17581.0,22733
17581.0,22558
17581.0,22964
17581.0,22966
17581.0,22969
17581.0,21210
17581.0,21212
17581.0,21735
17581.0,21080
17581.0,20725
17581.0,20724
17581.0,22776
17581.0,22965
17581.0,22961
17581.0,22960
17581.0,22083
17581.0,22729
17581.0,22382
17581.0,22862
17581.0,22910
17581.0,22726
17581.0,22952
17581.0,84347
17581.0,22356
17581.0,22384
17581.0,20727
17581.0,72801C
17581.0,72801D
17581.0,79321
17659.0,22570
17659.0,22846
17659.0,22423
17659.0,21669
17659.0,22634
17659.0,21259
17659.0,21733
17685.0,21733
17685.0,22576
17685.0,22813
17685.0,85123A
17685.0,22585
17685.0,21801
17685.0,21313
17690.0,22726
17690.0,22974
17690.0,22972
17690.0,22988
17690.0,22965
17690.0,22966
17690.0,22729
17690.0,22975
17690.0,22834
17732.0,22386
17732.0,22602
17732.0,21754
17732.0,21756
17732.0,21481
17732.0,22114
17732.0,85099B
17732.0,22507
17732.0,21955
17732.0,21733
17732.0,84879
17732.0,22423
17732.0,22624
17757.0,21080
17757.0,22631
17757.0,22197
17757.0,22083
17757.0,22617
17757.0,21238
17757.0,21239
17757.0,21240
17757.0,21086
17757.0,22425
17757.0,21034
17757.0,22667
17757.0,22666
17757.0,22630
17757.0,22867
17757.0,21494
17757.0,21094
17757.0,22651
17787.0,22637
17787.0,21906
17787.0,22188
17787.0,22469
17787.0,22151
17787.0,48138
17787.0,22694
17787.0,22158
17787.0,22297
17787.0,21259
17787.0,22457
17787.0,22116
17787.0,21906
17787.0,21258
17787.0,21385
17787.0,85130A
17787.0,85129C
17787.0,85061W
17787.0,21181
17787.0,21179
17787.0,82551
17787.0,82552
17787.0,22456
17787.0,82580
17787.0,21333
17787.0,21164
17796.0,22835
17796.0,22795
17796.0,84378
17796.0,22630
17796.0,22960
17796.0,22829
17796.0,21479
17796.0,21591
17796.0,21174
17796.0,21181
17796.0,22727
17796.0,22913
17796.0,22926
17796.0,21539
17802.0,85049F
17802.0,85049E
17802.0,85049C
17802.0,85049G
17802.0,16156S
17802.0,85049A
17802.0,85049H
17809.0,22943
17809.0,22617
17809.0,22569
17809.0,22568
17809.0,84032A
17809.0,22749
17809.0,84032B
17809.0,22909
17809.0,22652
17809.0,22910
17819.0,85230B
17819.0,85230F
17819.0,22910
17819.0,22909
17819.0,22423
17819.0,22699
17819.0,22697
17838.0,21902
17838.0,48138
17838.0,21175
17838.0,21174
17838.0,21874
17838.0,21899
17838.0,82567
17838.0,21901
17838.0,21900
17838.0,82583
17838.0,82552
17838.0,22413
17838.0,21166
17838.0,22427
17838.0,37370
17838.0,21877
17838.0,79066K
17838.0,22424
17838.0,22426
17838.0,22429
17838.0,22428
17838.0,82551
17838.0,82578
17838.0,82581
17838.0,82599
17838.0,21874
17841.0,22654
17841.0,46000R
17841.0,84685
17841.0,84352
17841.0,85232B
17841.0,21784
17841.0,22632
17841.0,22278
17841.0,21495
17841.0,20963
17841.0,22795
17841.0,22630
17841.0,22470
17841.0,22694
17841.0,79321
17841.0,84352
17841.0,22592
17841.0,22866
17841.0,22794
17841.0,79066K
17841.0,22753
17841.0,22114
17841.0,21098
17841.0,21446
17841.0,20963
17841.0,21673
17841.0,21042
17841.0,21916
17841.0,79321
17841.0,20719
17841.0,21558
17841.0,84030E
17841.0,22110
17841.0,20966
17841.0,22839
17841.0,22728
17841.0,21918
17841.0,21917
17841.0,82616B
17841.0,82616C
17841.0,22041
17841.0,20668
17841.0,21498
17841.0,20910
17841.0,20961
17841.0,84507C
17841.0,22910
17841.0,22451
17841.0,20616
17841.0,22355
17841.0,85232B
17841.0,46000S
17841.0,22731
17841.0,22686
17841.0,22678
17841.0,84029E
17841.0,21485
17841.0,21258
17841.0,21041
17841.0,84920
17841.0,22173
17841.0,22953
17841.0,84508A
17841.0,22755
17841.0,22471
17841.0,22114
17841.0,21486
17841.0,22212
17841.0,85064
17841.0,22786
17841.0,22785
17841.0,20749
17841.0,22730
17841.0,22570
17841.0,22568
17841.0,20972
17841.0,22041
17841.0,22553
17841.0,21672
17841.0,20668
17841.0,21670
17841.0,85232B
17841.0,22468
17841.0,21935
17841.0,21479
17841.0,22667
17841.0,22111
17841.0,21485
17841.0,22112
17841.0,22837
17841.0,22835
17841.0,22666
17841.0,21363
17850.0,84406B
17850.0,22752
17850.0,21730
17850.0,84029E
17850.0,84029G
17850.0,84406B
17850.0,22633
17850.0,22632
17850.0,22632
17850.0,22633
17850.0,85123A
17850.0,71053
17850.0,71053
17850.0,20679
17850.0,82483
17850.0,21871
17850.0,82486
17850.0,82482
17850.0,82494L
17850.0,84029G
17850.0,84029E
17850.0,22752
17850.0,21730
17850.0,85123A
17850.0,37370
17850.0,71053
17850.0,20679
17850.0,37370
17850.0,21068
17850.0,21871
17850.0,21071
17850.0,21068
17850.0,82483
17850.0,21071
17850.0,84406B
17850.0,82486
17850.0,22632
17850.0,21730
17850.0,22633
17850.0,21730
17850.0,22803
17850.0,22752
17850.0,84029E
17850.0,84029G
17850.0,82494L
17850.0,82482
17850.0,82486
17850.0,82483
17850.0,21068
17850.0,21071
17850.0,21871
17850.0,37370
17850.0,20679
17850.0,15056BL
17850.0,84406B
17850.0,71053
17850.0,85123A
17850.0,22632
17850.0,21730
17850.0,22752
17850.0,84029E
17850.0,22803
17850.0,22752
17850.0,84029E
17850.0,84029G
17850.0,82494L
17850.0,82482
17850.0,82486
17850.0,82483
17850.0,21068
17850.0,22633
17850.0,21071
17850.0,37370
17850.0,20679
17850.0,84406B
17850.0,71053
17850.0,85123A
17850.0,22633
17850.0,22632
17850.0,82494L
17850.0,84029G
17850.0,21871
17850.0,82482
17850.0,22632
17850.0,85123A
17850.0,22803
17850.0,22752
17850.0,84029E
17850.0,21730
17850.0,84029E
17850.0,84029G
17850.0,22411
17850.0,82494L
17850.0,82482
17850.0,82486
17850.0,82483
17850.0,21068
17850.0,21071
17850.0,21871
17850.0,37370
17850.0,84406B
17850.0,71053
17850.0,85123A
17850.0,22633
17850.0,22632
17850.0,21730
17850.0,22752
17850.0,84029E
17850.0,22633
17850.0,22632
17850.0,21730
17850.0,21730
17850.0,85123A
17850.0,84406B
17850.0,84029G
17850.0,22411
17850.0,82494L
17850.0,82482
17850.0,82486
17850.0,82483
17850.0,21068
17850.0,21071
17850.0,21871
17850.0,37370
17850.0,84406B
17850.0,71053
17850.0,85123A
17850.0,22633
17850.0,22632
17850.0,84029G
17850.0,22411
17850.0,82494L
17850.0,82482
17850.0,82486
17850.0,82483
17850.0,21068
17850.0,22411
17850.0,21871
17850.0,37370
17850.0,71053
17850.0,84029E
17850.0,22752
17850.0,84029G
17850.0,21730
17850.0,84029E
17850.0,84029G
17850.0,22411
17850.0,82483
17850.0,21068
17850.0,21071
17850.0,21871
17850.0,37370
17850.0,22633
17850.0,22632
17850.0,21730
17850.0,22803
17850.0,22752
17850.0,84029E
17850.0,84029G
17850.0,22411
17850.0,82494L
17850.0,82482
17850.0,82486
17850.0,82483
17850.0,71053
17850.0,85123A
17850.0,82482
17850.0,82494L
17850.0,22752
17850.0,84029E
17850.0,85123A
17850.0,22632
17850.0,22411
17850.0,82494L
17850.0,82482
17850.0,82486
17850.0,82483
17850.0,21068
17850.0,21071
17850.0,21871
17850.0,37370
17850.0,84406B
17850.0,71053
17850.0,85123A
17850.0,22633
17850.0,22632
17850.0,21730
17850.0,82486
17850.0,82483
17850.0,21068
17850.0,21071
17850.0,21871
17850.0,37370
17850.0,84406B
17850.0,71053
17850.0,85123A
17850.0,22633
17850.0,71053
17850.0,22752
17850.0,21071
17850.0,21730
17850.0,37370
17850.0,20679
17850.0,15056BL
17850.0,84406B
17850.0,71053
17850.0,85123A
17850.0,22633
17850.0,22632
17850.0,21730
17850.0,22803
17850.0,22752
17850.0,84029E
17850.0,84029G
17850.0,22411
17850.0,82494L
17850.0,82482
17850.0,82486
17850.0,82483
17850.0,21068
17850.0,21071
17850.0,21871
17850.0,37370
17850.0,20679
17850.0,15056BL
17850.0,84406B
17850.0,71053
17850.0,85123A
17850.0,21871
17850.0,85123A
17850.0,21071
17850.0,82483
17850.0,22633
17850.0,22752
17850.0,84029E
17850.0,84029G
17850.0,22411
17850.0,82494L
17850.0,82482
17850.0,82486
17850.0,82483
17850.0,21068
17850.0,21071
17850.0,21871
17850.0,37370
17850.0,84406B
17850.0,71053
17850.0,85123A
17850.0,22633
17850.0,22632
17850.0,21730
17850.0,22803
17850.0,22752
17850.0,84029E
17850.0,84029G
17850.0,22411
17850.0,82494L
17850.0,82482
17850.0,82486
17850.0,21068
17850.0,71053
17850.0,22803
17850.0,37370
17850.0,22633
17850.0,22632
17850.0,85123A
17850.0,71053
17850.0,84406B
17850.0,84406B
17850.0,15056BL
17850.0,20679
17850.0,37370
17850.0,21071
17850.0,21068
17850.0,21730
17850.0,82483
17850.0,82482
17850.0,82494L
17850.0,84029G
17850.0,84029E
17850.0,22752
17850.0,22803
17850.0,21730
17850.0,22632
17850.0,22633
17850.0,22633
17850.0,22632
17850.0,82486
17850.0,22752
17850.0,84029G
17850.0,21871
17850.0,84029E
17855.0,22736
17855.0,22044
17855.0,21790
17855.0,22619
17855.0,22818
17855.0,21918
17855.0,22544
17855.0,22149
17855.0,22945
17855.0,22620
17855.0,22910
17855.0,21360
17858.0,82581
17858.0,21671
17858.0,21673
17858.0,21670
17858.0,82582
17858.0,22467
17858.0,20829
17858.0,75013B
17858.0,21164
17858.0,84792
17858.0,85150
17858.0,21340
17858.0,21761
17858.0,21670
17863.0,22334
17863.0,85199L
17863.0,22738
17863.0,22551
17863.0,22659
17863.0,22435
17863.0,22466
17863.0,21731
17863.0,21094
17863.0,21086
17863.0,22791
17863.0,22557
17863.0,22027
17863.0,21429
17863.0,22801
17863.0,21914
17884.0,22142
17884.0,22585
17884.0,21136
17884.0,22469
17884.0,22748
17884.0,22745
17884.0,22746
17884.0,22812
17884.0,22813
17884.0,84879
17884.0,22940
17884.0,84944
17884.0,22144
17884.0,22295
17884.0,35957
17884.0,22086
17884.0,22739
17884.0,22910
17884.0,85018D
17884.0,85032D
17884.0,22737
17884.0,22736
17884.0,22738
17897.0,22909
17897.0,22087
17897.0,22651
17897.0,22738
17897.0,22910
17897.0,21577
17897.0,22713
17897.0,84347
17897.0,22082
17897.0,20878
17897.0,21592
17897.0,84558A
17897.0,47563A
17897.0,22960
17897.0,21621
17897.0,21370
17897.0,84347
17897.0,21367
17897.0,21895
17897.0,22961
17897.0,22960
17897.0,22144
17897.0,22149
17897.0,22150
17897.0,84347
17897.0,70007
17897.0,22940
17897.0,70007
17897.0,21894
17897.0,21190
17897.0,22144
17905.0,85104
17905.0,21662
17905.0,22943
17905.0,21664
17905.0,21658
17905.0,22097
17905.0,22411
17905.0,22185
17905.0,22423
17905.0,82552
17905.0,22097
17905.0,22783
17905.0,21625
17905.0,21038
17905.0,22120
17905.0,22941
17905.0,21071
17905.0,22699
17908.0,21866
17908.0,85099F
17908.0,84625A
17908.0,84625C
17908.0,21931
17908.0,85169B
17908.0,16238
17908.0,20668
17908.0,84906
17908.0,21867
17908.0,22075
17908.0,21866
17908.0,21326
17908.0,21065
17908.0,22074
17908.0,22900
17908.0,22153
17908.0,20713
17908.0,21116
17908.0,90199C
17908.0,22633
17908.0,22866
17908.0,22198
17908.0,22112
17908.0,22111
17908.0,21980
17908.0,22900
17908.0,20723
17908.0,20717
17908.0,21824
17908.0,85099B
17908.0,22197
17908.0,20966
17908.0,21678
17908.0,21676
17908.0,21811
17908.0,90199C
17908.0,21479
17908.0,22111
17908.0,22785
17908.0,22975
17908.0,22972
17908.0,22183
17908.0,22568
17908.0,85116
17908.0,22664
17908.0,22866
17908.0,22531
17908.0,21609
17908.0,85116
17908.0,22109
17908.0,72802C
17908.0,21955
17920.0,85184C
17920.0,20725
17920.0,22468
17920.0,21706
17920.0,22900
17920.0,22197
17920.0,22179
17920.0,21708
17920.0,21710
17920.0,22902
17920.0,21448
17920.0,22902
17920.0,21711
17920.0,21708
17920.0,21034
17920.0,20728
17920.0,22243
17920.0,22141
17920.0,22144
17920.0,22243
17920.0,22077
17920.0,21448
17920.0,22759
17920.0,22242
17920.0,21731
17920.0,22243
17920.0,21739
17920.0,21738
17920.0,22271
17920.0,22273
17920.0,22968
17920.0,21448
17920.0,22569
17920.0,22086
17920.0,21448
17920.0,22569
17920.0,22570
17920.0,22274
17920.0,22144
17920.0,22141
17920.0,22568
17920.0,22749
17920.0,22751
17920.0,85049E
17920.0,22273
17920.0,21738
17920.0,22749
17920.0,22382
17920.0,22326
17920.0,22662
17920.0,22383
17920.0,20727
17920.0,22328
17920.0,22327
17920.0,22630
17920.0,22629
17920.0,21245
17920.0,21244
17920.0,21242
17920.0,21243
17920.0,22327
17920.0,22273
17920.0,22940
17920.0,22652
17920.0,22759
17920.0,21880
17920.0,21738
17920.0,22077
17920.0,85049E
17920.0,22961
17920.0,21448
17920.0,22837
17920.0,22749
17920.0,22940
17920.0,22077
17920.0,22900
17954.0,22910
17954.0,22696
17954.0,21094
17954.0,21080
17954.0,22137
17954.0,21086
17954.0,22131
17954.0,84029E
17954.0,21974
17954.0,22968
17961.0,21333
17961.0,72807C
17961.0,21891
17961.0,84832
17961.0,21528
17961.0,22635
17961.0,22384
17961.0,84997B
17961.0,21820
17961.0,21326
17961.0,21821
17961.0,20725
17961.0,20727
17961.0,22619
17961.0,21479
17961.0,84029G
17961.0,21706
17961.0,21114
17961.0,22327
17961.0,20978
17961.0,20979
17961.0,22636
17961.0,20615
17961.0,22634
17964.0,22745
17964.0,21851
17964.0,21849
17964.0,22729
17964.0,21889
17964.0,85124B
17964.0,85124C
17964.0,20828
17964.0,22554
17964.0,22653
17964.0,21830
17964.0,21623
17964.0,22654
17964.0,84949
17964.0,22800
17964.0,22983
17964.0,21918
17964.0,85025C
17964.0,22785
17964.0,85135B
17964.0,22746
17964.0,22551
17964.0,90180A
17964.0,90175C
17964.0,21914
17964.0,22986
17964.0,22045
17964.0,90178A
17964.0,20984
17964.0,22436
17967.0,22653
17967.0,22219
17967.0,22748
17967.0,22816
17967.0,22746
17967.0,22745
17967.0,22960
17967.0,22560
17967.0,22756
17967.0,20963
17967.0,22758
17967.0,22028
17967.0,20986
17967.0,21586
17967.0,22384
17967.0,22383
17967.0,22147
17967.0,20961
17967.0,21884
17967.0,22750
17967.0,22757
17967.0,85135B
17967.0,20727
17967.0,21026
17967.0,21452
17967.0,10123C
17967.0,10120
17967.0,16237
17967.0,20725
17967.0,22384
17967.0,22147
17967.0,84006
17967.0,22382
17967.0,20727
17967.0,22383
17967.0,20767
17967.0,22562
17967.0,90094
17967.0,20986
17967.0,10002
17967.0,22758
17967.0,22537
17967.0,22745
17968.0,22663
17968.0,22197
17968.0,22731
17968.0,22866
17968.0,21584
17968.0,22557
17968.0,85095
17968.0,20866
17968.0,20878
17968.0,22809
17968.0,22603
17968.0,22577
17968.0,22573
17968.0,22810
17968.0,10125
17968.0,21814
17968.0,21815
17968.0,21816
17968.0,22945
17968.0,22952
17968.0,22735
17968.0,21124
17968.0,22910
17968.0,21992
17968.0,16258A
17968.0,22619
17968.0,21977
17968.0,22197
17968.0,22812
17968.0,22813
17968.0,22312
17968.0,22295
17968.0,22441
17968.0,22866
17968.0,21814
17968.0,72818
17968.0,22866
17968.0,85231B
17968.0,85231G
17968.0,22960
17968.0,85099C
17968.0,48173C
17968.0,21738
17968.0,21992
17968.0,21327
17968.0,21328
17968.0,21329
17968.0,22742
17968.0,22500
17968.0,22082
17968.0,85231G
17968.0,85231B
17968.0,21815
17968.0,22759
17968.0,21122
17968.0,21121
17968.0,22585
17968.0,21212
17968.0,21212
17968.0,22582
17968.0,22945
17968.0,22956
17968.0,22558
17968.0,22866
17968.0,22294
17968.0,22333
17968.0,22988
17968.0,90200A
17968.0,22386
17968.0,85099B
17968.0,84879
17968.0,90059C
17968.0,90059E
17968.0,90185C
17968.0,90059B
17968.0,90200B
17968.0,22297
17968.0,90200D
17968.0,90200C
17968.0,21980
17976.0,85123A
17976.0,20679
17976.0,21415
17976.0,22480
17976.0,85106
17976.0,20894
17976.0,90177C
17976.0,90186A
17976.0,21417
17976.0,90199A
17976.0,90196A
17976.0,22379
17976.0,22750
17976.0,22174
17976.0,22943
17976.0,21212
17976.0,90195B
17976.0,21710
17976.0,22441
17976.0,22752
17976.0,21415
17976.0,85106
17976.0,21034
17976.0,22371
17976.0,20967
17976.0,22569
17976.0,21416
17976.0,90195A
17976.0,90185C
17976.0,90185B
17976.0,21154
17976.0,84347
17976.0,22441
17976.0,18097A
17976.0,18097C
17976.0,22472
17976.0,15056N
17976.0,22866
17976.0,22867
17976.0,22633
17976.0,22667
17976.0,20914
17976.0,21429
17976.0,84879
17976.0,21415
17976.0,22900
17976.0,22472
17976.0,20969
17976.0,22664
17976.0,90204
17976.0,90081A
17976.0,90082B
17976.0,22174
17976.0,90082D
17976.0,22371
17976.0,22190
17976.0,20975
17976.0,84029G
17976.0,22371
17976.0,22174
18011.0,21709
18011.0,20682
18011.0,22731
18011.0,22583
18011.0,22910
18011.0,22086
18011.0,72803A
18011.0,85035C
18011.0,21705
18011.0,40001
18011.0,21703
18011.0,21704
18011.0,22952
18011.0,22220
18011.0,85034A
18011.0,21739
18011.0,72798C
18011.0,22384
18011.0,72802C
18011.0,20755
18011.0,21221
18011.0,22909
18011.0,72818
18041.0,22652
18041.0,21914
18041.0,22653
18041.0,22654
18041.0,16046
18041.0,22633
18041.0,47471
18041.0,85231G
18041.0,22457
18041.0,20674
18041.0,20676
18041.0,20727
18041.0,82582
18041.0,21181
18041.0,22900
18041.0,82494L
18041.0,21967
18041.0,22170
18041.0,21210
18041.0,21679
18041.0,22094
18041.0,21080
18041.0,22198
18041.0,22130
18041.0,79191C
18041.0,20733
18041.0,22867
18041.0,22633
18041.0,20733
18041.0,22920
18041.0,85231B
18041.0,21212
18041.0,22633
18041.0,22917
18041.0,85135B
18041.0,20967
18041.0,22896
18041.0,22696
18041.0,20878
18041.0,22559
18041.0,22315
18041.0,22659
18041.0,84692
18041.0,22867
18041.0,21328
18041.0,85114C
18041.0,21326
18041.0,22616
18041.0,22796
18041.0,22733
18041.0,22560
18041.0,22491
18041.0,22489
18041.0,72818
18041.0,20878
18041.0,22920
18041.0,22917
18041.0,22919
18041.0,22918
18041.0,22916
18041.0,22921
18041.0,22130
18041.0,22568
18041.0,21098
18041.0,21154
18041.0,22197
18041.0,22960
18041.0,22696
18041.0,22654
18041.0,22196
18041.0,22768
18041.0,48138
18041.0,22961
18041.0,22945
18041.0,22731
18041.0,22195
18055.0,84819
18055.0,21258
18055.0,22112
18055.0,85034B
18055.0,72802C
18055.0,72802B
18055.0,21479
18055.0,72800D
18055.0,72807B
18055.0,22802
18055.0,22471
18055.0,22114
18055.0,84030E
18055.0,22476
18074.0,22464
18074.0,22424
18074.0,22428
18074.0,22427
18074.0,22189
18074.0,21340
18074.0,22224
18074.0,22469
18109.0,22169
18109.0,21333
18109.0,85123A
18109.0,21363
18109.0,82482
18109.0,85064
18109.0,22667
18109.0,22855
18109.0,21259
18118.0,22634
18118.0,22274
18118.0,22751
18118.0,22750
18118.0,22906
18118.0,22569
18118.0,22064
18118.0,22331
18118.0,22635
18118.0,22061
18118.0,84898F
18118.0,22618
18118.0,84536A
18118.0,22569
18118.0,22437
18118.0,22466
18118.0,79302M
18118.0,21888
18118.0,22457
18118.0,85135B
18118.0,85136C
18118.0,21212
18118.0,22440
18118.0,21327
18118.0,84006
18118.0,21733
18118.0,21239
18118.0,21238
18118.0,21240
18118.0,22748
18118.0,22332
18118.0,20914
18118.0,20684
18118.0,22141
18118.0,20975
18118.0,20973
18118.0,22925
18118.0,20956
18118.0,21125
18118.0,22077
18118.0,22866
18118.0,22865
18118.0,22147
18118.0,22753
18118.0,22755
18118.0,84380
18118.0,20754
18118.0,20751
18118.0,22422
18118.0,20969
18118.0,20967
18118.0,21329
18118.0,21328
18118.0,85123A
18118.0,22910
18118.0,22847
18118.0,22086
18118.0,35965
18118.0,72816
18118.0,22501
18118.0,22653
18118.0,21207
18118.0,21121
18118.0,10135
18118.0,79000
18118.0,10133
18118.0,22543
18118.0,22951
18118.0,20677
18118.0,20674
18118.0,20675
18118.0,20676
18118.0,84596G
18118.0,84596E
18118.0,21987
18118.0,21245
18118.0,21244
18118.0,21213
18118.0,21243
18118.0,21098
18118.0,22694
18118.0,22919
18118.0,22918
18118.0,22917
18118.0,22921
18118.0,22920
18118.0,22916
18118.0,22470
18118.0,84536B
18118.0,21242
18118.0,84992
18118.0,21212
18118.0,21218
18118.0,22539
18118.0,20724
18118.0,22356
18118.0,85099B
18118.0,21931
18118.0,22386
18118.0,22505
18118.0,21623
18118.0,84029G
18118.0,21479
18118.0,21486
18118.0,22210
18118.0,22208
18118.0,21216
18118.0,22474
18118.0,22667
18118.0,22666
18118.0,21110
18118.0,21035
18118.0,21154
18156.0,22480
18156.0,84032A
18156.0,22114
18156.0,22110
18156.0,21485
18156.0,22112
18156.0,22111
18156.0,21479
18156.0,21625
18156.0,84029G
18156.0,21042
18156.0,22480
18156.0,22114
18156.0,21034
18156.0,21080
18156.0,21035
18156.0,21156
18156.0,22273
18156.0,22940
18156.0,84032B
18156.0,21481
18156.0,84029E
18156.0,21154
18156.0,21155
18156.0,21042
18156.0,47591D
18156.0,21836
18156.0,22939
18156.0,21154
18156.0,47559B
18156.0,22897
18156.0,22899
18156.0,22271
18156.0,22123
18156.0,22896
18156.0,22274
18156.0,22272
18156.0,22632
18156.0,21468
18156.0,21466
18156.0,22197
18156.0,21558
18156.0,22150
18156.0,22149
18156.0,22147
18156.0,21591
18156.0,22558
18156.0,20914
18156.0,22315
18156.0,21563
18168.0,47567B
18168.0,21035
18168.0,47570B
18168.0,47559B
18168.0,21154
18168.0,22649
18168.0,16156S
18168.0,16161P
18168.0,21154
18168.0,22193
18168.0,21041
18168.0,21531
18168.0,37449
18168.0,21539
18168.0,22633
18168.0,21843
18168.0,22061
18168.0,21157
18168.0,22060
18168.0,21232
18168.0,22877
18168.0,22869
18168.0,22197
18168.0,22878
18168.0,21843
18168.0,21231
18239.0,22910
18239.0,22334
18239.0,35961
18239.0,22595
18239.0,22065
18239.0,85123A
18239.0,22578
18239.0,21352
18239.0,21621
18239.0,84970S
18239.0,20749
18239.0,15060B
18239.0,85014B
18239.0,22464
18239.0,22465
18239.0,22785
18239.0,22593
18239.0,71053
18239.0,22810
18239.0,22186
18239.0,22187
18239.0,22141
18239.0,22144
18239.0,22121
